source_file,sheet_name,rule_type,max_row,max_column,header_row,headers_json,field_mapping_json,sample_rows_json
国家医保智能监管两库_官方公开附件_截至2026-07-10/第一批-1_药品区分性别使用.xlsx,“药品区分性别使用”规则对应知识点明细,gender_limit,487,9,2,"[""序号"", ""药品通用名"", ""是否为2024年医保目录内 药品"", ""限定性别"", ""检出逻辑"", ""逻辑依据（药品说明书适应症）"", ""知识点对应药品代码数量"", """", """"]","{""item_name"": [""药品通用名""], ""rule_condition"": [""限定性别"", ""逻辑依据（药品说明书适应症）""], ""gender"": [""限定性别""], ""indication"": [""逻辑依据（药品说明书适应症）""], ""item_code"": [""知识点对应药品代码数量""]}","[[""1"", ""阿帕他胺片"", ""是"", ""男"", ""与限定性别不符"", ""限转移性激素敏感性前列腺癌(mHSPC)患者。"", ""3"", """", """"], [""2"", ""艾附暖宫丸"", ""是"", ""女"", ""与限定性别不符"", ""理气补血，暖宫调经。用于子宫虚寒，月经量少、后错，经期腹痛，腰酸带下。"", ""75"", """", """"], [""3"", ""爱普列特片"", ""是"", ""男"", ""与限定性别不符"", ""适用于治疗良性前列腺增生症，改善因良性前列腺增生的有关症状。"", ""4"", """", """"], [""4"", ""安宫止血颗粒"", ""是"", ""女"", ""与限定性别不符"", ""活血化瘀，清热止血。用于瘀热内蕴所致的恶露不净，症见恶露不止、小腹疼痛、口燥咽干；人工流产及产后子宫复位不全见上述证候者。"", ""1"", """", """"], [""5"", ""奥特康唑胶囊"", ""是"", ""女"", ""与限定性别不符"", ""本品用于治疗重度外阴阴道假丝酵母菌病（VVC）。"", ""2"", """", """"]]"
国家医保智能监管两库_官方公开附件_截至2026-07-10/第一批-1_药品区分性别使用.xlsx,“药品区分性别使用”知识点对应药品代码,gender_limit,6476,4,2,"[""对应知识点序号"", ""药品通用名"", ""序号"", ""药品代码""]","{""item_name"": [""药品通用名""], ""item_code"": [""药品代码""]}","[[""1"", ""阿帕他胺片"", ""1"", ""XL02BBA326A001010102180""], ["""", """", ""2"", ""XL02BBA326A001010178537""], ["""", """", ""3"", ""XL02BBA326A001020278537""], [""2"", ""艾附暖宫丸"", ""1"", ""ZD03AAA0043010100166""], ["""", """", ""2"", ""ZD03AAA0043010100220""]]"
国家医保智能监管两库_官方公开附件_截至2026-07-10/第一批-2_医疗服务项目区分性别使用.xlsx,“医疗服务项目区分性别使用”规则对应知识点明细,gender_limit,395,7,4,"[""序号"", ""医疗服务项目名称"", ""限定性别"", ""检出逻辑"", ""逻辑依据"", ""项目代码，供参考 （2022版国家医保局全国医疗服务项目）"", ""备注""]","{""item_name"": [""医疗服务项目名称""], ""rule_condition"": [""限定性别"", ""备注""], ""gender"": [""限定性别""], ""item_code"": [""项目代码，供参考 （2022版国家医保局全国医疗服务项目）""]}","[[""1"", ""阴茎海绵体造影"", ""男"", ""与限定性别不符"", ""男性泌尿生殖系统相关检查"", ""002101030280000"", ""各省依据国家项目代码，配置规则知识点中各省项目代码""], [""2"", ""输精管造影"", ""男"", ""与限定性别不符"", ""男性泌尿生殖系统相关检查"", ""002101030290000"", ""各省依据国家项目代码，配置规则知识点中各省项目代码""], [""3"", ""子宫造影"", ""女"", ""与限定性别不符"", ""女性泌尿生殖系统相关检查"", ""002101030300000"", ""各省依据国家项目代码，配置规则知识点中各省项目代码""], [""4"", ""子宫输卵管碘油造影"", ""女"", ""与限定性别不符"", ""女性泌尿生殖系统相关检查"", ""002101030310000"", ""各省依据国家项目代码，配置规则知识点中各省项目代码""], [""5"", ""输卵管超声造影"", ""女"", ""与限定性别不符"", ""女性泌尿生殖系统相关检查"", ""002202010060000"", ""各省依据国家项目代码，配置规则知识点中各省项目代码""]]"
国家医保智能监管两库_官方公开附件_截至2026-07-10/第一批-3_药品儿童专用.xlsx,“药品儿童专用”知识点对应药品明细,age_limit,277,6,4,"[""序号"", ""药品通用名"", ""是否为2024年医保目录内药品"", ""检出逻辑"", ""逻辑依据（说明书适应症）"", ""知识点对应药品代码数量""]","{""item_name"": [""药品通用名""], ""rule_condition"": [""逻辑依据（说明书适应症）""], ""indication"": [""逻辑依据（说明书适应症）""], ""item_code"": [""知识点对应药品代码数量""]}","[[""1"", ""儿童清肺口服液"", ""是"", ""参保人年龄超出儿童年龄限制"", ""清肺，化痰，止咳。用于面赤身热，咳嗽，痰多，咽痛。"", ""2""], [""2"", ""儿童清咽解热口服液"", ""是"", ""参保人年龄超出儿童年龄限制"", ""清热解毒，消肿利咽。用于小儿急性咽炎（急喉痹）属肺胃实热证，证见：发热，咽痛，咽部充血，或咳嗽，口渴等。"", ""5""], [""3"", ""健脾止泻宁颗粒"", ""是"", ""参保人年龄超出儿童年龄限制"", ""清热除湿，健脾止泻。用于小儿脾虚湿热所致的腹泻。"", ""4""], [""4"", ""金振口服液"", ""是"", ""参保人年龄超出儿童年龄限制"", ""清热解毒，祛痰止咳。用于小儿急性支气管炎符合痰热咳嗽者，表现为发热、咳嗽、咳吐黄痰、咳吐不爽、舌质红、苔黄腻等。"", ""4""], [""5"", ""荆肤止痒颗粒"", ""是"", ""参保人年龄超出儿童年龄限制"", ""祛风、除湿，清热解毒、止痒。用于儿童风热型或湿热型丘疹性荨麻疹 。症状可见脓疱疮、风团、水疱、瘙痒等。疗程3至6天。"", ""3""]]"
国家医保智能监管两库_官方公开附件_截至2026-07-10/第一批-3_药品儿童专用.xlsx,"""药品儿童专用“规则对应知识药品代码",age_limit,4374,16384,4,"[""对应知识点序号"", ""药品通用名"", ""序号"", ""药品代码"", """", """", """", """", """", """", """", """", """", """", """", """", """", """", """", """", """", """", """", """", """", """", """", """", """", """", """", """", """", """", """", """", """", """", """", """", """", """", """", """", """", """", """", """", """", """"]","{""item_name"": [""药品通用名""], ""item_code"": [""药品代码""]}","[[""1"", ""儿童清肺口服液"", ""1"", ""ZA04CAE0023010100166"", """", """", """", """", """", """", """", """"], ["""", """", ""2"", ""ZA04CAE0023010200166"", """", """", """", """", """", """", """", """"], [""2"", ""儿童清咽解热口服液"", ""1"", ""ZF03AAE0027010102281"", """", """", """", """", """", """", """", """"], ["""", """", ""2"", ""ZF03AAE0027010202281"", """", """", """", """", """", """", """", """"], ["""", """", ""3"", ""ZF03AAE0027010302281"", """", """", """", """", """", """", """", """"]]"
国家医保智能监管两库_官方公开附件_截至2026-07-10/第一批-4_药品限儿童使用.xlsx,“药品限儿童使用”规则对应知识点明细,age_limit,16,5,4,"[""序号"", ""药品通用名"", ""检出逻辑"", ""逻辑依据（2024版国家药品目录备注）"", ""知识点对应              药品代码数量""]","{""item_name"": [""药品通用名""], ""rule_condition"": [""逻辑依据（2024版国家药品目录备注）""], ""item_code"": [""知识点对应              药品代码数量""]}","[[""1"", ""咪达唑仑口服溶液"", ""参保人年龄超出儿童年龄限制"", ""限：1.儿童诊断或治疗性操作前以及操作过程中的镇静/抗焦虑/遗忘；2.儿童术前镇静/抗焦虑/遗忘。"", ""2""], [""2"", ""水合氯醛/糖浆组合包装"", ""参保人年龄超出儿童年龄限制"", ""限儿童检查、操作前的镇静、催眠。"", ""2""], [""3"", ""水合氯醛灌肠剂"", ""参保人年龄超出儿童年龄限制"", ""限儿童。"", ""2""], [""4"", ""他克莫司颗粒"", ""参保人年龄超出儿童年龄限制"", ""限：1.预防儿童肝脏或肾脏移植术后的移植物排斥反应；2.治疗儿童肝脏或肾脏移植术后应用其他免疫抑制药物无法控制的移植物排斥反应。"", ""2""], [""5"", ""小儿法罗培南钠颗粒"", ""参保人年龄超出儿童年龄限制"", ""限头孢菌素耐药或重症感染儿童患者。"", ""4""]]"
国家医保智能监管两库_官方公开附件_截至2026-07-10/第一批-4_药品限儿童使用.xlsx,“药品限儿童使用”知识点对应药品代码,age_limit,32,4,2,"[""对应知识点序号"", ""药品通用名"", ""序号"", ""药品代码""]","{""item_name"": [""药品通用名""], ""item_code"": [""药品代码""]}","[[""1"", ""咪达唑仑口服溶液"", ""1"", ""XN05CDM084X001010102000""], ["""", """", ""2"", ""XN05CDM084X001010202000""], [""2"", ""水合氯醛/糖浆组合包装"", ""1"", ""XN05CCS278K001010101587""], ["""", """", ""2"", ""XN05CCS278K001010201587""], [""3"", ""水合氯醛灌肠剂"", ""1"", ""XN05CCS273S003010101587""]]"
国家医保智能监管两库_官方公开附件_截至2026-07-10/第一批-5_医疗服务项目儿童专用.xlsx,“医疗服务项目儿童专用”规则对应知识点明细,age_limit,34,6,4,"[""序号"", ""医疗服务项目名称"", ""检出逻辑"", ""逻辑依据"", ""项目代码，供参考 （2022版国家医保局全国医疗服务项目）"", ""备注""]","{""item_name"": [""医疗服务项目名称""], ""item_code"": [""项目代码，供参考 （2022版国家医保局全国医疗服务项目）""], ""rule_condition"": [""备注""]}","[[""1"", ""儿童前牙树脂冠修复"", ""参保人年龄超出儿童年龄限制"", ""儿童专用项目"", ""003105120040000"", ""各省依据国家项目代码，配置规则知识点中各省项目代码""], [""2"", ""儿童龋齿预防保健"", ""参保人年龄超出儿童年龄限制"", ""儿童专用项目"", ""001302000010000"", ""各省依据国家项目代码，配置规则知识点中各省项目代码""], [""3"", ""儿童听力障碍语言训练"", ""参保人年龄超出儿童年龄限制"", ""儿童专用项目"", ""003402000350000"", ""各省依据国家项目代码，配置规则知识点中各省项目代码""], [""4"", ""多普勒小儿血压检测"", ""参保人年龄超出儿童年龄限制"", ""小儿专用项目"", ""002204000030000"", ""各省依据国家项目代码，配置规则知识点中各省项目代码""], [""5"", ""小儿包茎气囊导管扩张术"", ""参保人年龄超出儿童年龄限制"", ""小儿专用项目"", ""003111000010000"", ""各省依据国家项目代码，配置规则知识点中各省项目代码""]]"
国家医保智能监管两库_官方公开附件_截至2026-07-10/第七批_医疗服务项目重复收费.xlsx,“医疗服务项目重复收费”规则对应知识点明细,duplicate_charge,905,9,4,"[""序号"", ""时间区间"", ""医疗服务项目A名称"", ""医疗服务项目A代码供参考 （国家医保局全国医疗服务项目）"", ""医疗服务项目B名称"", ""医疗服务项目B代码供参考 （国家医保局全国医疗服务项目）"", ""检出逻辑"", ""逻辑依据 （国家医保局全国医疗服务项目，项目A项目内涵）"", ""备注""]","{""item_name"": [""医疗服务项目A名称"", ""医疗服务项目B名称""], ""item_code"": [""医疗服务项目A代码供参考 （国家医保局全国医疗服务项目）"", ""医疗服务项目B代码供参考 （国家医保局全国医疗服务项目）""], ""rule_condition"": [""备注""]}","[[""1"", ""单日"", ""急诊监护费"", ""001103000010000"", ""急诊诊查费"", ""001102000030000"", ""项目A和项目B同时收费"", ""含监护、床位、诊查、护理"", ""各省依据国家项目代码，配置规则知识点中各省项目代码""], [""2"", ""单日"", ""急诊监护费"", ""001103000010000"", ""普通病房床位费"", ""001109000010000"", ""项目A和项目B同时收费"", ""含监护、床位、诊查、护理"", ""各省依据国家项目代码，配置规则知识点中各省项目代码""], [""3"", ""单日"", ""急诊监护费"", ""001103000010000"", ""普通病房床位费(单人间)"", ""001109000010100"", ""项目A和项目B同时收费"", ""含监护、床位、诊查、护理"", ""各省依据国家项目代码，配置规则知识点中各省项目代码""], [""4"", ""单日"", ""急诊监护费"", ""001103000010000"", ""普通病房床位费(双人间)"", ""001109000010200"", ""项目A和项目B同时收费"", ""含监护、床位、诊查、护理"", ""各省依据国家项目代码，配置规则知识点中各省项目代码""], [""5"", ""单日"", ""急诊监护费"", ""001103000010000"", ""普通病房床位费(三人间)"", ""001109000010300"", ""项目A和项目B同时收费"", ""含监护、床位、诊查、护理"", ""各省依据国家项目代码，配置规则知识点中各省项目代码""]]"
国家医保智能监管两库_官方公开附件_截至2026-07-10/第三批-1_药品限工伤保险.xlsx,“药品限工伤保险”规则对应知识点明细,insurance_type_limit,14,5,4,"[""序号"", ""药品通用名"", ""检出逻辑"", ""逻辑依据（2024版国家药品目录备注）"", ""知识点对应              药品代码数量""]","{""item_name"": [""药品通用名""], ""rule_condition"": [""逻辑依据（2024版国家药品目录备注）""], ""item_code"": [""知识点对应              药品代码数量""]}","[[""1"", ""疤痕止痒软化膏"", ""参保人险种非工伤保险"", ""限工伤保险"", ""3""], [""2"", ""疤痕止痒软化乳膏"", ""参保人险种非工伤保险"", ""限工伤保险"", ""3""], [""3"", ""冻干人用狂犬病疫苗(Vero细胞)"", ""参保人险种非工伤保险"", ""限工伤保险"", ""16""], [""4"", ""冻干人用狂犬病疫苗(人二倍体细胞)"", ""参保人险种非工伤保险"", ""限工伤保险"", ""2""], [""5"", ""氢醌乳膏"", ""参保人险种非工伤保险"", ""限工伤保险"", ""5""]]"
国家医保智能监管两库_官方公开附件_截至2026-07-10/第三批-1_药品限工伤保险.xlsx,“药品限工伤保险”知识点对应药品代码,insurance_type_limit,89,4,2,"[""对应知识点序号"", ""药品通用名"", ""序号"", ""药品代码""]","{""item_name"": [""药品通用名""], ""item_code"": [""药品代码""]}","[[""1"", ""疤痕止痒软化膏"", ""1"", ""ZH01AAB0066010100716""], ["""", """", ""2"", ""ZH01AAB0066010102577""], ["""", """", ""3"", ""ZH01AAB0066020100716""], [""2"", ""疤痕止痒软化乳膏"", ""1"", ""ZH01AAB0067010102021""], ["""", """", ""2"", ""ZH01AAB0067020102021""]]"
国家医保智能监管两库_官方公开附件_截至2026-07-10/第三批-2_药品限生育保险.xlsx,“药品限生育保险”规则对应知识点明细,insurance_type_limit,8,5,4,"[""序号"", ""药品通用名"", ""检出逻辑"", ""逻辑依据（2024版国家药品目录备注）"", ""知识点对应              药品代码数量""]","{""item_name"": [""药品通用名""], ""rule_condition"": [""逻辑依据（2024版国家药品目录备注）""], ""item_code"": [""知识点对应              药品代码数量""]}","[[""1"", ""地诺前列酮栓"", ""参保人险种非生育保险"", ""限生育保险"", ""1""], [""2"", ""卡前列素氨丁三醇注射液"", ""参保人险种非生育保险"", ""限生育保险"", ""22""], [""3"", ""益母草注射液"", ""参保人险种非生育保险"", ""限生育保险"", ""4""], [""合计"", """", """", """", ""27""]]"
国家医保智能监管两库_官方公开附件_截至2026-07-10/第三批-2_药品限生育保险.xlsx,“药品限生育保险”知识点对应药品代码,insurance_type_limit,31,4,2,"[""对应知识点序号"", ""药品通用名"", ""序号"", ""药品代码""]","{""item_name"": [""药品通用名""], ""item_code"": [""药品代码""]}","[[""1"", ""地诺前列酮栓"", ""1"", ""XG02ADD082D003010179504""], [""2"", ""卡前列素氨丁三醇注射液"", ""1"", ""XG02ADK026B002010100568""], ["""", """", ""2"", ""XG02ADK026B002010101329""], ["""", """", ""3"", ""XG02ADK026B002010101389""], ["""", """", ""4"", ""XG02ADK026B002010101598""]]"
国家医保智能监管两库_官方公开附件_截至2026-07-10/第九批_药品限二线使用.xlsx,“药品限二线使用”规则对应知识点明细,second_line_drug_limit,115,5,3,"[""序号"", ""药品通用名"", ""检出逻辑"", ""逻辑依据（2025版国家药品目录备注）"", ""知识点对应药品代码数量""]","{""item_name"": [""药品通用名""], ""rule_condition"": [""逻辑依据（2025版国家药品目录备注）""], ""item_code"": [""知识点对应药品代码数量""]}","[[""1"", ""阿可替尼胶囊"", ""使用了该药品，但没有一线药品使用无效或不能耐受的证据。"", ""限：1.既往至少接受过一种治疗的成人慢性淋巴细胞白血病(CLL)/小淋巴细胞淋巴瘤(SLL)患者；2.既往至少接受过一种治疗的成人套细胞淋巴瘤(MCL)患者。"", ""1""], [""2"", ""艾拉莫德片"", ""使用了该药品，但没有一线药品使用无效或不能耐受的证据。"", ""限活动性类风湿关节炎患者的二线治疗。"", ""20""], [""3"", ""艾帕洛利托沃瑞利单抗注射液"", ""使用了该药品，但没有一线药品使用无效或不能耐受的证据。"", ""限既往接受含铂化疗治疗失败的复发或转移性宫颈癌患者。"", ""1""], [""4"", ""艾普拉唑肠溶片"", ""使用了该药品，但没有一线药品使用无效或不能耐受的证据。"", ""限有十二指肠溃疡、反流性食管炎诊断患者的二线用药。"", ""6""], [""5"", ""艾曲泊帕乙醇胺片"", ""使用了该药品，但没有一线药品使用无效或不能耐受的证据。"", ""限：1.既往对糖皮质激素、免疫球蛋白等治疗反应不佳的成人和6岁及以上儿童慢性免疫性(特发性)血小板减少症(ITP)患者；2.既往对免疫抑制治疗缓解不充分的重型再生障碍性贫血(SAA)患者。"", ""24""]]"
国家医保智能监管两库_官方公开附件_截至2026-07-10/第九批_药品限二线使用.xlsx,"""药品限二线使用“知识点对应药品代码",second_line_drug_limit,605,16384,4,"[""对应知识点序号"", ""药品通用名"", ""序号"", ""药品代码"", """", """", """", """", """", """", """", """", """", """", """", """", """", """", """", """", """", """", """", """", """", """", """", """", """", """", """", """", """", """", """", """", """", """", """", """", """", """", """", """", """", """", """", """", """", """"]","{""item_name"": [""药品通用名""], ""item_code"": [""药品代码""]}","[[""1"", ""阿可替尼胶囊"", ""1"", ""XL01ELA387E001010184513"", """", """", """", """", """", """", """", """"], [""2"", ""艾拉莫德片"", ""1"", ""XM01AXA267A001010101522"", """", """", """", """", """", """", """", """"], ["""", """", ""2"", ""XM01AXA267A001010101749"", """", """", """", """", """", """", """", """"], ["""", """", ""3"", ""XM01AXA267A001010105849"", """", """", """", """", """", """", """", """"], ["""", """", ""4"", ""XM01AXA267A001010109568"", """", """", """", """", """", """", """", """"]]"
国家医保智能监管两库_官方公开附件_截至2026-07-10/第五批_药品限医疗机构级别.xlsx,“药品限医疗机构级别”规则对应知识点明细,institution_level_limit,66,5,4,"[""序号"", ""药品通用名"", ""检出逻辑"", ""逻辑依据（2024版国家药品目录备注）"", ""知识点对应  药品代码数量""]","{""item_name"": [""药品通用名""], ""rule_condition"": [""逻辑依据（2024版国家药品目录备注）""], ""item_code"": [""知识点对应  药品代码数量""]}","[[""1"", ""艾迪注射液"", ""使用药品的医疗机构级别低于限定级别"", ""限二级及以上医疗机构癌症患者。"", ""2""], [""2"", ""参附注射液"", ""使用药品的医疗机构级别低于限定级别"", ""限二级及以上医疗机构。"", ""5""], [""3"", ""参麦注射液"", ""使用药品的医疗机构级别低于限定级别"", ""限二级及以上医疗机构。"", ""57""], [""4"", ""参芪扶正注射液"", ""使用药品的医疗机构级别低于限定级别"", ""限二级及以上医疗机构癌症患者。"", ""2""], [""5"", ""喘可治注射液"", ""使用药品的医疗机构级别低于限定级别"", ""限二级及以上医疗机构的支气管炎哮喘患者。"", ""3""]]"
国家医保智能监管两库_官方公开附件_截至2026-07-10/第五批_药品限医疗机构级别.xlsx,“药品限医疗机构级别”知识点对应药品代码,institution_level_limit,966,4,2,"[""对应知识点序号"", ""药品通用名"", ""序号"", ""药品代码""]","{""item_name"": [""药品通用名""], ""item_code"": [""药品代码""]}","[[""1"", ""艾迪注射液"", ""1"", ""ZC01AAA0042010105549""], ["""", """", ""2"", ""ZC01AAA0042010305549""], [""2"", ""参附注射液"", ""1"", ""ZA05CAC0029010102312""], ["""", """", ""2"", ""ZA05CAC0029020102312""], ["""", """", ""3"", ""ZA05CAC0029030102312""]]"
国家医保智能监管两库_官方公开附件_截至2026-07-10/第八批-1_医疗服务项目限定频次.xlsx,“医疗服务项目限定频次”规则对应知识点明细,frequency_limit,73,7,4,"[""序号"", ""医疗服务项目名称"", ""单日上限数量"", ""检出逻辑"", ""逻辑依据 （国家医保局全国医疗服务项目单位）"", ""项目代码供参考 （国家医保局全国医疗服务项目）"", ""备注""]","{""item_name"": [""医疗服务项目名称""], ""item_code"": [""项目代码供参考 （国家医保局全国医疗服务项目）""], ""rule_condition"": [""备注""]}","[[""1"", ""门急诊留观诊查费"", ""1"", ""使用项目的数量总计超过上限数量"", ""日"", ""001102000040000"", ""各省依据国家项目代码，配置规则知识点中各省项目代码""], [""2"", ""住院诊查费"", ""1"", ""使用项目的数量总计超过上限数量"", ""日"", ""001102000050000"", ""各省依据国家项目代码，配置规则知识点中各省项目代码""], [""3"", ""急诊监护费"", ""1"", ""使用项目的数量总计超过上限数量"", ""日"", ""001103000010000"", ""各省依据国家项目代码，配置规则知识点中各省项目代码""], [""4"", ""病房取暖费"", ""1"", ""使用项目的数量总计超过上限数量"", ""日"", ""001107000010000"", ""各省依据国家项目代码，配置规则知识点中各省项目代码""], [""5"", ""病房空调降温费"", ""1"", ""使用项目的数量总计超过上限数量"", ""日"", ""001108000010000"", ""各省依据国家项目代码，配置规则知识点中各省项目代码""]]"
国家医保智能监管两库_官方公开附件_截至2026-07-10/第八批-2_医疗服务项目限年龄.xlsx,“医疗服务项目限年龄”规则对应知识点明细,age_limit,6,6,4,"[""序号"", ""医疗服务项目名称"", ""检出逻辑"", ""逻辑依据 （人社部发〔2016〕23号）"", ""项目代码供参考 （国家医保局全国医疗服务项目）"", ""备注""]","{""item_name"": [""医疗服务项目名称""], ""item_code"": [""项目代码供参考 （国家医保局全国医疗服务项目）""], ""rule_condition"": [""备注""]}","[[""1"", ""职业功能训练"", ""参保人年龄超出法定就业年龄限制"", ""限法定就业年龄段患者"", ""003402000320000"", ""各省依据国家项目代码，配置规则知识点中各省项目代码""], [""备注：对于涉及医疗服务项目的智能监管规则和知识点，依据国家医保局梳理的全国现行医疗服务项目设定，各省级医保部门应当根据本省份的医疗服务项目目录，参考国家局发布的相关知识点梳理，进行细化和本地化。"", """", """", """", """", """"]]"
国家医保智能监管两库_官方公开附件_截至2026-07-10/第八批-3_医疗服务项目限支付疗程.xlsx,“医疗服务项目限支付疗程”规则对应知识点明细,treatment_course_limit,17,6,4,"[""序号"", ""医疗服务项目名称"", ""检出逻辑"", ""逻辑依据 （人社部发〔2016〕23号）"", ""项目代码供参考 （国家医保局全国医疗服务项目）"", ""备注""]","{""item_name"": [""医疗服务项目名称""], ""item_code"": [""项目代码供参考 （国家医保局全国医疗服务项目）""], ""rule_condition"": [""备注""]}","[[""1"", ""手功能评定"", ""使用项目的日期总计超过限制天数"", ""总时间不超过90天，评定间隔时间不短于14天。"", ""003402000050000"", ""各省依据国家项目代码，配置规则知识点中各省项目代码""], [""2"", ""手功能评定(徒手)"", ""使用项目的日期总计超过限制天数"", ""总时间不超过90天，评定间隔时间不短于14天。"", ""003402000050100"", ""各省依据国家项目代码，配置规则知识点中各省项目代码""], [""3"", ""手功能评定(仪器)"", ""使用项目的日期总计超过限制天数"", ""总时间不超过90天，评定间隔时间不短于14天。"", ""003402000050200"", ""各省依据国家项目代码，配置规则知识点中各省项目代码""], [""4"", ""减重支持系统训练"", ""使用项目的日期总计超过限制天数"", ""支付不超过30天。"", ""003402000210000"", ""各省依据国家项目代码，配置规则知识点中各省项目代码""], [""5"", ""轮椅功能训练"", ""使用项目的日期总计超过限制天数"", ""支付不超过30天。"", ""003402000220000"", ""各省依据国家项目代码，配置规则知识点中各省项目代码""]]"
国家医保智能监管两库_官方公开附件_截至2026-07-10/第八批-4_医疗服务项目周期超频次.xlsx,“医疗服务项目周期超频次”规则对应知识点明细,frequency_limit,20,8,4,"[""序号"", ""医疗服务项目名称"", ""频次上限"", ""周期（天）"", ""检出逻辑"", ""逻辑依据"", ""项目代码供参考 （国家医保局全国医疗服务项目）"", ""备注""]","{""item_name"": [""医疗服务项目名称""], ""frequency"": [""频次上限"", ""周期（天）""], ""item_code"": [""项目代码供参考 （国家医保局全国医疗服务项目）""], ""rule_condition"": [""备注""]}","[[""1"", ""血清果糖胺测定"", ""1"", ""7"", ""在设定的周期内超出限定支付数量"", ""诊疗规范：血清果糖胺（糖化清蛋白）水平反映近2-3周的平均血糖水平。"", ""002503020020000"", ""各省依据国家项目代码，配置规则知识点中各省项目代码""], [""2"", ""糖化血红蛋白测定"", ""1"", ""15"", ""在设定的周期内超出限定支付数量"", ""诊疗规范：糖化血红蛋白水平反映近2-3个月的平均血糖水平。"", ""002503020030000"", ""各省依据国家项目代码，配置规则知识点中各省项目代码""], [""3"", ""糖化血红蛋白测定(色谱法)"", ""1"", ""15"", ""在设定的周期内超出限定支付数量"", ""诊疗规范：糖化血红蛋白水平反映近2-3个月的平均血糖水平。"", ""002503020030100"", ""各省依据国家项目代码，配置规则知识点中各省项目代码""], [""4"", ""糖化血红蛋白测定(各种免疫学方法)"", ""1"", ""15"", ""在设定的周期内超出限定支付数量"", ""诊疗规范：糖化血红蛋白水平反映近2-3个月的平均血糖水平。"", ""002503020030200"", ""各省依据国家项目代码，配置规则知识点中各省项目代码""], [""5"", ""平衡试验"", ""1"", ""14"", ""在设定的周期内超出限定支付数量"", ""评定间隔时间不短于14天。（人社部发〔2016〕23号）"", ""003104010220000"", ""各省依据国家项目代码，配置规则知识点中各省项目代码""]]"
国家医保智能监管两库_官方公开附件_截至2026-07-10/第六批_药品限支付疗程.xlsx,“药品限支付疗程”规则对应知识点明细,treatment_course_limit,35,5,4,"[""序号"", ""药品通用名"", ""检出逻辑"", ""逻辑依据（2024版国家药品目录备注）"", ""知识点对应              药品代码数量""]","{""item_name"": [""药品通用名""], ""rule_condition"": [""逻辑依据（2024版国家药品目录备注）""], ""item_code"": [""知识点对应              药品代码数量""]}","[[""1"", ""奥扎格雷氨丁三醇注射用浓溶液"", ""使用药品的日期总计超过限制天数"", ""限新发的急性血栓性脑梗死，支付不超过14天。"", ""2""], [""2"", ""奥扎格雷钠注射液"", ""使用药品的日期总计超过限制天数"", ""限新发的急性血栓性脑梗死，支付不超过14天。"", ""39""], [""3"", ""吡拉西坦注射液"", ""使用药品的日期总计超过限制天数"", ""限脑外伤所致的脑功能障碍患者，支付不超过14天。"", ""124""], [""4"", ""丁苯酞氯化钠注射液"", ""使用药品的日期总计超过限制天数"", ""限新发的急性缺血性脑卒中患者在发作48小时内开始使用，支付不超过14天。"", ""1""], [""5"", ""丁苯酞软胶囊"", ""使用药品的日期总计超过限制天数"", ""限新发的急性缺血性脑卒中患者在发作72小时内开始使用，支付不超过20天。"", ""5""]]"
国家医保智能监管两库_官方公开附件_截至2026-07-10/第六批_药品限支付疗程.xlsx,“药品限支付疗程”知识点对应药品代码,treatment_course_limit,1151,4,2,"[""对应知识点序号"", ""药品通用名"", ""序号"", ""药品代码""]","{""item_name"": [""药品通用名""], ""item_code"": [""药品代码""]}","[[""1"", ""奥扎格雷氨丁三醇注射用浓溶液"", ""1"", ""XB01AXA223B004010180963""], ["""", """", ""2"", ""XB01AXA223B004010280963""], [""2"", ""奥扎格雷钠注射液"", ""1"", ""XB01AXA223B002010100156""], ["""", """", ""2"", ""XB01AXA223B002010101157""], ["""", """", ""3"", ""XB01AXA223B002010101333""]]"
国家医保智能监管两库_官方公开附件_截至2026-07-10/第十一批-1_中药饮片单复方均不予支付.xlsx,“中药饮片单复方均不予支付”规则对应知识点明细,payment_scope_limit,42,5,4,"[""序号"", ""中药饮片名称"", ""中药饮片代码（供参考）"", ""检出逻辑"", ""逻辑依据（国家医保支付政策）""]","{""item_name"": [""中药饮片名称""], ""item_code"": [""中药饮片代码（供参考）""]}","[[""1"", ""阿胶"", ""T001700233"", ""不得纳入基金支付范围的中药饮片"", ""不得纳入基金支付范围的中药饮片""], [""2"", ""白糖参"", ""T001700024"", ""不得纳入基金支付范围的中药饮片"", ""不得纳入基金支付范围的中药饮片""], [""3"", ""朝鲜红参"", ""T001700109"", ""不得纳入基金支付范围的中药饮片"", ""不得纳入基金支付范围的中药饮片""], [""4"", ""穿山甲"", ""T001200128"", ""不得纳入基金支付范围的中药饮片"", ""不得纳入基金支付范围的中药饮片""], [""5"", ""醋山甲"", ""T001200156"", ""不得纳入基金支付范围的中药饮片"", ""不得纳入基金支付范围的中药饮片""]]"
国家医保智能监管两库_官方公开附件_截至2026-07-10/第十一批-2_中药饮片单方使用不予支付.xlsx,“中药饮片单方使用不予支付”规则对应知识点明细,payment_scope_limit,121,5,4,"[""序号"", ""中药饮片名称"", ""中药饮片代码（供参考）"", ""检出逻辑"", ""逻辑依据（国家医保支付政策）""]","{""item_name"": [""中药饮片名称""], ""item_code"": [""中药饮片代码（供参考）""]}","[[""1"", ""丁香"", ""T000700200"", ""单独使用时统筹基金不予支付，且全部由这些饮片组成的处方统筹基金也不予支付。"", ""单独使用时统筹基金不予支付，且全部由这些饮片组成的处方统筹基金也不予支付。""], [""2"", ""人参片"", ""T001700643"", ""单独使用时统筹基金不予支付，且全部由这些饮片组成的处方统筹基金也不予支付。"", ""单独使用时统筹基金不予支付，且全部由这些饮片组成的处方统筹基金也不予支付。""], [""3"", ""八角茴香"", ""T000700035"", ""单独使用时统筹基金不予支付，且全部由这些饮片组成的处方统筹基金也不予支付。"", ""单独使用时统筹基金不予支付，且全部由这些饮片组成的处方统筹基金也不予支付。""], [""4"", ""刀豆"", ""T000800179"", ""单独使用时统筹基金不予支付，且全部由这些饮片组成的处方统筹基金也不予支付。"", ""单独使用时统筹基金不予支付，且全部由这些饮片组成的处方统筹基金也不予支付。""], [""5"", ""三七粉"", ""T001100659"", ""单独使用时统筹基金不予支付，且全部由这些饮片组成的处方统筹基金也不予支付。"", ""单独使用时统筹基金不予支付，且全部由这些饮片组成的处方统筹基金也不予支付。""]]"
国家医保智能监管两库_官方公开附件_截至2026-07-10/第十七批_药品限适应症_抗肿瘤免疫及肌肉骨骼.xlsx,“药品限适应症”规则对应知识点明细,indication_limit,233,5,4,"[""序号"", ""药品通用名"", ""检出逻辑"", ""逻辑依据（2025版国家药品目录备注）"", ""知识点对应药品代码数量""]","{""item_name"": [""药品通用名""], ""rule_condition"": [""逻辑依据（2025版国家药品目录备注）""], ""item_code"": [""知识点对应药品代码数量""]}","[[""1"", ""阿贝西利片"", ""使用药品的疾病诊断不符合限定支付适应症"", ""限：1.联合内分泌治疗(他莫昔芬或芳香化酶抑制剂)用于激素受体(HR)阳性、人表皮生长因子受体2(HER2)阴性、淋巴结阳性，高复发风险的早期乳腺癌成人患者的辅助治疗；2.激素受体(HR)阳性、人表皮生长因子受体2(HER2)阴性的局部晚期或转移性乳腺癌：与芳香化酶抑制剂联合使用作为绝经后女性患者的初始内分泌治疗；与氟维司群联合用于既往曾接受内分泌治疗后出现疾病进展的患者。"", ""3""], [""2"", ""阿伐替尼片"", ""使用药品的疾病诊断不符合限定支付适应症"", ""限携带血小板衍生生长因子受体α(PDGFRA)外显子18突变(包括PDGFRA D842V突变)的不可切除或转移性胃肠道间质瘤(GIST)成人患者。"", ""4""], [""3"", ""阿可替尼胶囊"", ""使用药品的疾病诊断不符合限定支付适应症"", ""限：1.既往至少接受过一种治疗的成人慢性淋巴细胞白血病(CLL)/小淋巴细胞淋巴瘤(SLL)患者；2.既往至少接受过一种治疗的成人套细胞淋巴瘤(MCL)患者。"", ""1""], [""4"", ""阿帕他胺片"", ""使用药品的疾病诊断不符合限定支付适应症"", ""限：1.转移性内分泌治疗敏感性前列腺癌(mHSPC)成年患者；2.有高危转移风险的非转移性去势抵抗性前列腺癌(NM-CRPC)成年患者。"", ""3""], [""5"", ""阿普米司特片"", ""使用药品的疾病诊断不符合限定支付适应症"", ""限符合接受光疗或系统性治疗指征的中度至重度斑块状银屑病的成人患者。"", ""75""]]"
国家医保智能监管两库_官方公开附件_截至2026-07-10/第十七批_药品限适应症_抗肿瘤免疫及肌肉骨骼.xlsx,“药品限适应症”知识点对应药品代码,indication_limit,961,4,4,"[""对应知识点序号"", ""药品通用名"", ""序号"", ""药品代码""]","{""item_name"": [""药品通用名""], ""item_code"": [""药品代码""]}","[[""1"", ""阿贝西利片"", ""1"", ""XL01EFA343A001010178403""], ["""", """", ""2"", ""XL01EFA343A001020178403""], ["""", """", ""3"", ""XL01EFA343A001030178403""], [""2"", ""阿伐替尼片"", ""1"", ""XL01EXA350A001010183095""], ["""", """", ""2"", ""XL01EXA350A001010183503""]]"
国家医保智能监管两库_官方公开附件_截至2026-07-10/第十三批_药品限适应症_血液和造血器官.xlsx,“药品限适应症”规则对应知识点明细,indication_limit,71,5,4,"[""序号"", ""药品通用名"", ""检出逻辑"", ""逻辑依据（2025版国家药品目录备注）"", ""知识点对应药品代码数量""]","{""item_name"": [""药品通用名""], ""rule_condition"": [""逻辑依据（2025版国家药品目录备注）""], ""item_code"": [""知识点对应药品代码数量""]}","[[""1"", ""ω-3鱼油脂肪乳注射液"", ""使用药品的疾病诊断不符合限定支付适应症"", ""限重度炎症及感染的患者。需经营养风险筛查,明确具有营养风险,且不能经饮食或使用\""肠内营养剂\""补充足够营养的住院患者方予支付。"", ""3""], [""2"", ""艾曲泊帕乙醇胺片"", ""使用药品的疾病诊断不符合限定支付适应症"", ""限：1.既往对糖皮质激素、免疫球蛋白等治疗反应不佳的成人和6岁及以上儿童慢性免疫性(特发性)血小板减少症(ITP)患者；2.既往对免疫抑制治疗缓解不充分的重型再生障碍性贫血(SAA)患者。"", ""24""], [""3"", ""氨基己酸氯化钠注射液"", ""使用药品的疾病诊断不符合限定支付适应症"", ""限治疗血纤维蛋白溶解亢进引起出血的患者。"", ""1""], [""4"", ""氨基己酸注射液"", ""使用药品的疾病诊断不符合限定支付适应症"", ""限治疗血纤维蛋白溶解亢进引起出血的患者。"", ""47""], [""5"", ""奥扎格雷氨丁三醇注射用浓溶液"", ""使用药品的疾病诊断不符合限定支付适应症"", ""限新发的急性血栓性脑梗死，支付不超过14天。"", ""2""]]"
国家医保智能监管两库_官方公开附件_截至2026-07-10/第十三批_药品限适应症_血液和造血器官.xlsx,“药品限适应症”知识点对应药品代码,indication_limit,1300,4,4,"[""对应知识点序号"", ""药品通用名"", ""序号"", ""药品代码""]","{""item_name"": [""药品通用名""], ""item_code"": [""药品代码""]}","[[""1"", ""ω-3鱼油脂肪乳注射液"", ""1"", ""XB05BAU005B002010101415""], ["""", """", ""2"", ""XB05BAU005B002010102180""], ["""", """", ""3"", ""XB05BAU005B002020101415""], [""2"", ""艾曲泊帕乙醇胺片"", ""1"", ""XB02BXA307A001010101397""], ["""", """", ""2"", ""XB02BXA307A001010101425""]]"
国家医保智能监管两库_官方公开附件_截至2026-07-10/第十二批_药品限适应症_消化道和代谢.xlsx,“药品限适应症”规则对应知识点明细,indication_limit,62,5,4,"[""序号"", ""药品通用名"", ""检出逻辑"", ""逻辑依据（2025版国家药品目录备注）"", ""知识点对应药品代码数量""]","{""item_name"": [""药品通用名""], ""rule_condition"": [""逻辑依据（2025版国家药品目录备注）""], ""item_code"": [""知识点对应药品代码数量""]}","[[""1"", ""阿加糖酶α注射用浓溶液"", ""使用药品的疾病诊断不符合限定支付适应症"", ""限法布雷病(α-半乳糖苷酶A缺乏症)患者的长期酶替代治疗，适用于成人、儿童和青少年。尚未确定本品在0-6岁儿童中的安全性和有效性。"", ""1""], [""2"", ""阿瑞匹坦注射液"", ""使用药品的疾病诊断不符合限定支付适应症"", ""限放化疗。"", ""6""], [""3"", ""艾地骨化醇软胶囊"", ""使用药品的疾病诊断不符合限定支付适应症"", ""限绝经后女性骨质疏松症。"", ""62""], [""4"", ""艾普拉唑肠溶片"", ""使用药品的疾病诊断不符合限定支付适应症"", ""限有十二指肠溃疡、反流性食管炎诊断患者的二线用药。"", ""6""], [""5"", ""艾塞那肽注射液"", ""使用药品的疾病诊断不符合限定支付适应症"", ""限2型糖尿病。"", ""6""]]"
国家医保智能监管两库_官方公开附件_截至2026-07-10/第十二批_药品限适应症_消化道和代谢.xlsx,“药品限适应症”知识点对应药品代码,indication_limit,637,4,4,"[""对应知识点序号"", ""药品通用名"", ""序号"", ""药品代码""]","{""item_name"": [""药品通用名""], ""item_code"": [""药品代码""]}","[[""1"", ""阿加糖酶α注射用浓溶液"", ""1"", ""XA16ABA345B004010183140""], [""2"", ""阿瑞匹坦注射液"", ""1"", ""XA04ADA285B002010102180""], ["""", """", ""2"", ""XA04ADA285B002010102777""], ["""", """", ""3"", ""XA04ADA285B002010104021""], ["""", """", ""4"", ""XA04ADA285B002010105847""]]"
国家医保智能监管两库_官方公开附件_截至2026-07-10/第十五批_药品限适应症_皮肤泌尿生殖及激素.xlsx,“药品限适应症”规则对应知识点明细,indication_limit,39,5,4,"[""序号"", ""药品通用名"", ""检出逻辑"", ""逻辑依据（2025版国家药品目录备注）"", ""知识点对应药品代码数量""]","{""item_name"": [""药品通用名""], ""rule_condition"": [""逻辑依据（2025版国家药品目录备注）""], ""item_code"": [""知识点对应药品代码数量""]}","[[""1"", ""阿布昔替尼片"", ""使用药品的疾病诊断不符合限定支付适应症"", ""限其他系统治疗(如激素或生物制剂)应答不佳或不适宜上述治疗的难治性、中重度特应性皮炎成人和12岁及以上青少年患者。"", ""6""], [""2"", ""本维莫德乳膏"", ""使用药品的疾病诊断不符合限定支付适应症"", ""限成人轻至中度稳定性寻常型银屑病的局部治疗。"", ""2""], [""3"", ""吡美莫司乳膏"", ""使用药品的疾病诊断不符合限定支付适应症"", ""限轻中度特应性皮炎患者的二线用药。"", ""7""], [""4"", ""布地奈德肠溶胶囊"", ""使用药品的疾病诊断不符合限定支付适应症"", ""限具有进展风险的原发性免疫球蛋白A肾病(IgAN)成人患者。"", ""2""], [""5"", ""醋酸氟氢可的松片"", ""使用药品的疾病诊断不符合限定支付适应症"", ""限失盐型先天性肾上腺皮质增生症(CAH)及失盐型原发慢性肾上腺皮质功能减退症(Addison病)。"", ""2""]]"
国家医保智能监管两库_官方公开附件_截至2026-07-10/第十五批_药品限适应症_皮肤泌尿生殖及激素.xlsx,“药品限适应症”知识点对应药品代码,indication_limit,459,4,4,"[""对应知识点序号"", ""药品通用名"", ""序号"", ""药品代码""]","{""item_name"": [""药品通用名""], ""item_code"": [""药品代码""]}","[[""1"", ""阿布昔替尼片"", ""1"", ""XD11AHA379A001010178718""], ["""", """", ""2"", ""XD11AHA379A001020178718""], ["""", """", ""3"", ""XD11AHA379A001030178718""], ["""", """", ""4"", ""XD11AHA379A001040178718""], ["""", """", ""5"", ""XD11AHA379A001050178718""]]"
国家医保智能监管两库_官方公开附件_截至2026-07-10/第十八批_药品限适应症_神经系统.xlsx,“药品限适应症”规则对应知识点明细,indication_limit,54,5,4,"[""序号"", ""药品通用名"", ""检出逻辑"", ""逻辑依据（2025版国家药品目录备注）"", ""知识点对应药品代码数量""]","{""item_name"": [""药品通用名""], ""rule_condition"": [""逻辑依据（2025版国家药品目录备注）""], ""item_code"": [""知识点对应药品代码数量""]}","[[""1"", ""安瑞克芬注射液"", ""使用药品的疾病诊断不符合限定支付适应症"", ""限腹部手术后的轻、中度疼痛。"", ""2""], [""2"", ""氨吡啶缓释片"", ""使用药品的疾病诊断不符合限定支付适应症"", ""限多发性硬化合并步行障碍(EDSS评分4-7分)的成年患者。"", ""1""], [""3"", ""氨己烯酸口服溶液用散"", ""使用药品的疾病诊断不符合限定支付适应症"", ""限婴儿痉挛症。"", ""6""], [""4"", ""苯磺酸克利加巴林胶囊"", ""使用药品的疾病诊断不符合限定支付适应症"", ""限：1.治疗成人糖尿病性周围神经病理性疼痛；2.带状疱疹后神经痛。"", ""1""], [""5"", ""苯磺酸美洛加巴林片"", ""使用药品的疾病诊断不符合限定支付适应症"", ""限成人糖尿病性周围神经病理性疼痛。"", ""2""]]"
国家医保智能监管两库_官方公开附件_截至2026-07-10/第十八批_药品限适应症_神经系统.xlsx,“药品限适应症”知识点对应药品代码,indication_limit,506,4,4,"[""对应知识点序号"", ""药品通用名"", ""序号"", ""药品代码""]","{""item_name"": [""药品通用名""], ""item_code"": [""药品代码""]}","[[""1"", ""安瑞克芬注射液"", ""1"", ""XN02AXA423B002010183791""], ["""", """", ""2"", ""XN02AXA423B002010283791""], [""2"", ""氨吡啶缓释片"", ""1"", ""XN07XXA364A010010178242""], [""3"", ""氨己烯酸口服溶液用散"", ""1"", ""XN03AGA357P001010102181""], ["""", """", ""2"", ""XN03AGA357P001010178377""]]"
国家医保智能监管两库_官方公开附件_截至2026-07-10/第十六批_药品限适应症_全身用抗感染药物.xlsx,“药品限适应症”规则对应知识点明细,indication_limit,87,5,4,"[""序号"", ""药品通用名"", ""检出逻辑"", ""逻辑依据（2025版国家药品目录备注）"", ""知识点对应药品代码数量""]","{""item_name"": [""药品通用名""], ""rule_condition"": [""逻辑依据（2025版国家药品目录备注）""], ""item_code"": [""知识点对应药品代码数量""]}","[[""1"", ""阿泰特韦片/利托那韦片组合包装"", ""使用药品的疾病诊断不符合限定支付适应症"", ""限轻中度新型冠状病毒感染(COVID-19)的成年患者。"", ""1""], [""2"", ""艾考恩丙替片"", ""使用药品的疾病诊断不符合限定支付适应症"", ""限艾滋病病毒感染。"", ""1""], [""3"", ""艾米替诺福韦片"", ""使用药品的疾病诊断不符合限定支付适应症"", ""限慢性乙型肝炎成人患者。"", ""2""], [""4"", ""艾诺米替片"", ""使用药品的疾病诊断不符合限定支付适应症"", ""限艾滋病病毒感染。"", ""1""], [""5"", ""艾诺韦林片"", ""使用药品的疾病诊断不符合限定支付适应症"", ""限艾滋病病毒感染。"", ""1""]]"
国家医保智能监管两库_官方公开附件_截至2026-07-10/第十六批_药品限适应症_全身用抗感染药物.xlsx,“药品限适应症”知识点对应药品代码,indication_limit,719,4,4,"[""对应知识点序号"", ""药品通用名"", ""序号"", ""药品代码""]","{""item_name"": [""药品通用名""], ""item_code"": [""药品代码""]}","[[""1"", ""阿泰特韦片/利托那韦片组合包装"", ""1"", ""XJ05AXA401A001010184739""], [""2"", ""艾考恩丙替片"", ""1"", ""XJ05ARA315A001010178451""], [""3"", ""艾米替诺福韦片"", ""1"", ""XJ05AFA353A001010183096""], ["""", """", ""2"", ""XJ05AFA353A001010283096""], [""4"", ""艾诺米替片"", ""1"", ""XJ05ARA383A001010181452""]]"
国家医保智能监管两库_官方公开附件_截至2026-07-10/第十四批_药品限适应症_心血管系统.xlsx,“药品限适应症”规则对应知识点明细,indication_limit,48,5,4,"[""序号"", ""药品通用名"", ""检出逻辑"", ""逻辑依据（2025版国家药品目录备注）"", ""知识点对应药品代码数量""]","{""item_name"": [""药品通用名""], ""rule_condition"": [""逻辑依据（2025版国家药品目录备注）""], ""item_code"": [""知识点对应药品代码数量""]}","[[""1"", ""阿利沙坦酯氨氯地平片"", ""使用药品的疾病诊断不符合限定支付适应症"", ""限原发性高血压。"", ""3""], [""2"", ""阿利沙坦酯片"", ""使用药品的疾病诊断不符合限定支付适应症"", ""限轻、中度原发性高血压。"", ""4""], [""3"", ""氨氯地平叶酸片(Ⅱ)"", ""使用药品的疾病诊断不符合限定支付适应症"", ""限伴有血浆同型半胱氨酸水平升高的原发性高血压。"", ""6""], [""4"", ""昂戈瑞西单抗注射液"", ""使用药品的疾病诊断不符合限定支付适应症"", ""限接受中等或以上剂量他汀类药物治疗，仍无法达到低密度脂蛋白胆固醇(LDL-C)目标的原发性高胆固醇血症(包括杂合子型家族性和非家族性高胆固醇血症)和混合型血脂异常的成人患者；或在他汀类药物不耐受或禁忌使用的患者中，单独或与依折麦布联合用药用于非家族性高胆固醇血症和混合型血脂异常的成人患者。"", ""2""], [""5"", ""波生坦分散片"", ""使用药品的疾病诊断不符合限定支付适应症"", ""限3-12岁特发性或先天性肺动脉高压患者。"", ""2""]]"
国家医保智能监管两库_官方公开附件_截至2026-07-10/第十四批_药品限适应症_心血管系统.xlsx,“药品限适应症”知识点对应药品代码,indication_limit,1012,4,4,"[""对应知识点序号"", ""药品通用名"", ""序号"", ""药品代码""]","{""item_name"": [""药品通用名""], ""item_code"": [""药品代码""]}","[[""1"", ""阿利沙坦酯氨氯地平片"", ""1"", ""XC09DBA407A001010100553""], ["""", """", ""2"", ""XC09DBA407A001010200553""], ["""", """", ""3"", ""XC09DBA407A001010300553""], [""2"", ""阿利沙坦酯片"", ""1"", ""XC09CAA284A001010100553""], ["""", """", ""2"", ""XC09CAA284A001010200553""]]"
国家医保智能监管两库_官方公开附件_截至2026-07-10/第十批_超互联网医院药品支付范围.xlsx,“超互联网医院药品支付范围”规则对应知识点明细,encounter_type_limit,27,5,4,"[""序号"", ""药品通用名"", ""检出逻辑"", ""逻辑依据（国卫医发〔2018〕25号）"", ""知识点对应              药品代码数量""]","{""item_name"": [""药品通用名""], ""item_code"": [""知识点对应              药品代码数量""]}","[[""1"", ""芬太尼透皮贴剂"", ""互联网诊疗时开具麻醉药品精神药品"", ""医疗机构开展互联网诊疗活动时，不得开具麻醉药品、精神药品等特殊管理药品的处方。"", ""11""], [""2"", ""枸橼酸芬太尼注射液"", ""互联网诊疗时开具麻醉药品精神药品"", ""医疗机构开展互联网诊疗活动时，不得开具麻醉药品、精神药品等特殊管理药品的处方。"", ""15""], [""3"", ""枸橼酸舒芬太尼注射液"", ""互联网诊疗时开具麻醉药品精神药品"", ""医疗机构开展互联网诊疗活动时，不得开具麻醉药品、精神药品等特殊管理药品的处方。"", ""22""], [""4"", ""酒石酸双氢可待因片"", ""互联网诊疗时开具麻醉药品精神药品"", ""医疗机构开展互联网诊疗活动时，不得开具麻醉药品、精神药品等特殊管理药品的处方。"", ""2""], [""5"", ""磷酸可待因片"", ""互联网诊疗时开具麻醉药品精神药品"", ""医疗机构开展互联网诊疗活动时，不得开具麻醉药品、精神药品等特殊管理药品的处方。"", ""4""]]"
国家医保智能监管两库_官方公开附件_截至2026-07-10/第十批_超互联网医院药品支付范围.xlsx,“超互联网医院药品支付范围”知识点对应药品代码,encounter_type_limit,236,4,2,"[""对应知识点序号"", ""药品通用名"", ""序号"", ""药品代码""]","{""item_name"": [""药品通用名""], ""item_code"": [""药品代码""]}","[[""1"", ""芬太尼透皮贴剂"", ""1"", ""XN02ABF027V002010101389""], ["""", """", ""2"", ""XN02ABF027V002010102529""], ["""", """", ""3"", ""XN02ABF027V002010103050""], ["""", """", ""4"", ""XN02ABF027V002010201389""], ["""", """", ""5"", ""XN02ABF027V002010203050""]]"
国家医保智能监管两库_官方公开附件_截至2026-07-10/第四批_药品限就医方式.xlsx,“药品限就医方式”规则对应知识点明细,encounter_type_limit,40,5,4,"[""序号"", ""药品通用名"", ""检出逻辑"", ""逻辑依据（2024版国家药品目录备注）"", ""知识点对应              药品代码数量""]","{""item_name"": [""药品通用名""], ""rule_condition"": [""逻辑依据（2024版国家药品目录备注）""], ""item_code"": [""知识点对应              药品代码数量""]}","[[""1"", ""ω-3甘油三酯(2%)中/长链脂肪乳/氨基酸(16)/葡萄糖(36%)注射液"", ""使用药品的就医方式不符合限定就医方式"", ""需经营养风险筛查，明确具有营养风险，且不能经饮食或“肠内营养剂”补充足够营养的住院患者方予支付。"", ""6""], [""2"", ""ω-3鱼油脂肪乳注射液"", ""使用药品的就医方式不符合限定就医方式"", ""限重度炎症及感染的患者。需经营养风险筛查，明确具有营养风险，且不能经饮食或使用“肠内营养剂”补充足够营养的住院患者方予支付。"", ""3""], [""3"", ""ω-3鱼油中/长链脂肪乳注射液"", ""使用药品的就医方式不符合限定就医方式"", ""需经营养风险筛查，明确具有营养风险，且不能经饮食或使用“肠内营养剂”补充足够营养的住院患者方予支付。"", ""11""], [""4"", ""安宫牛黄丸"", ""使用药品的就医方式不符合限定就医方式"", ""限急诊或住院患者。"", ""207""], [""5"", ""多种油脂肪乳注射液(C6～24)"", ""使用药品的就医方式不符合限定就医方式"", ""需经营养风险筛查，明确具有营养风险，且不能经饮食或“肠内营养剂”补充足够营养的住院患者方予支付。"", ""4""]]"
国家医保智能监管两库_官方公开附件_截至2026-07-10/第四批_药品限就医方式.xlsx,“药品限就医方式”知识点对应药品代码,encounter_type_limit,740,4,2,"[""对应知识点序号"", ""药品通用名"", ""序号"", ""药品代码""]","{""item_name"": [""药品通用名""], ""item_code"": [""药品代码""]}","[[""1"", ""ω-3甘油三酯(2%)中/长链脂肪乳/氨基酸(16)/葡萄糖(36%)注射液"", ""1"", ""XB05BAU012B002010102180""], ["""", """", ""2"", ""XB05BAU012B002010202180""], ["""", """", ""3"", ""XB05BAU012B002010302180""], ["""", """", ""4"", ""XB05BAU012B002020102180""], ["""", """", ""5"", ""XB05BAU012B002020202180""]]"
