asset_id,source_package,original_path,file_name,file_ext,file_size,content_hash,category,target_module,convert_required,parse_status,parse_error
A000001,single_file,C:\Users\21403\Desktop\医保飞检智能检索_H5_MVP_架构设计方案_v2_规则代码化_RAG版.md,医保飞检智能检索_H5_MVP_架构设计方案_v2_规则代码化_RAG版.md,.md,32688,b1199cebe111b8b1d803617830be9241afc5c33796fe29ce011417b86f8efe4a,policy_document,rag_knowledge_base,no,raw_registered,
A000002,政策文件（本省）.zip,政策文件（本省）/,政策文件（本省）,,0,0b8290900ee41deed863adab647f7edcf9b718f7370d5da9be77975a8c251c04,directory,asset_manifest,no,raw_registered,
A000003,政策文件（本省）.zip,政策文件（本省）/价格招采处/,价格招采处,,0,0b8290900ee41deed863adab647f7edcf9b718f7370d5da9be77975a8c251c04,directory,asset_manifest,no,raw_registered,
A000004,政策文件（本省）.zip,政策文件（本省）/价格招采处/11.14青海省医保局办公室关于执行河南十七省等4批省际联盟药品集中带量采购中选结果的通知（青医保办发〔2025〕54 号）.pdf,11.14青海省医保局办公室关于执行河南十七省等4批省际联盟药品集中带量采购中选结果的通知（青医保办发〔2025〕54 号）.pdf,.pdf,1591762,zip:0b8290900ee41deed863adab647f7edcf9b718f7370d5da9be77975a8c251c04:3970142701,policy_document,rag_knowledge_base,no,raw_registered,
A000005,政策文件（本省）.zip,政策文件（本省）/价格招采处/2.13关于执行安徽联盟二十五省（区、兵团）2023年体外诊断试剂等9类医用耗材集中带量采购中选结果的通知（青医保局函〔2025〕号）.pdf,2.13关于执行安徽联盟二十五省（区、兵团）2023年体外诊断试剂等9类医用耗材集中带量采购中选结果的通知（青医保局函〔2025〕号）.pdf,.pdf,2235966,zip:0b8290900ee41deed863adab647f7edcf9b718f7370d5da9be77975a8c251c04:3266286557,policy_document,rag_knowledge_base,no,raw_registered,
A000006,政策文件（本省）.zip,政策文件（本省）/价格招采处/2025.3.12关于规范医用耗材和体外诊断试剂阳光挂网价格及采购要求的通知（青医保局函〔2025〕25号）.pdf,2025.3.12关于规范医用耗材和体外诊断试剂阳光挂网价格及采购要求的通知（青医保局函〔2025〕25号）.pdf,.pdf,1237024,zip:0b8290900ee41deed863adab647f7edcf9b718f7370d5da9be77975a8c251c04:3228933433,policy_document,rag_knowledge_base,no,raw_registered,
A000007,政策文件（本省）.zip,政策文件（本省）/价格招采处/20250623关于执行外周血管介入导引通路等7类医用耗材集中带量采购中选产品的通知（青医保办发〔2025〕37号）.pdf,20250623关于执行外周血管介入导引通路等7类医用耗材集中带量采购中选产品的通知（青医保办发〔2025〕37号）.pdf,.pdf,2199571,zip:0b8290900ee41deed863adab647f7edcf9b718f7370d5da9be77975a8c251c04:1396935968,policy_document,rag_knowledge_base,no,raw_registered,
A000008,政策文件（本省）.zip,政策文件（本省）/价格招采处/2026.2.3关于执行安徽省际联盟2024年肿瘤标志物和甲状腺功能检测体外诊断试剂集中带量采购中选结果的通知（青医保办发〔2026〕4号） .pdf,2026.2.3关于执行安徽省际联盟2024年肿瘤标志物和甲状腺功能检测体外诊断试剂集中带量采购中选结果的通知（青医保办发〔2026〕4号） .pdf,.pdf,1819114,zip:0b8290900ee41deed863adab647f7edcf9b718f7370d5da9be77975a8c251c04:405509910,policy_document,rag_knowledge_base,no,raw_registered,
A000009,政策文件（本省）.zip,政策文件（本省）/价格招采处/2026.2.3关于明确2026年深化医药价格治理重点工作的函.pdf,2026.2.3关于明确2026年深化医药价格治理重点工作的函.pdf,.pdf,1793932,zip:0b8290900ee41deed863adab647f7edcf9b718f7370d5da9be77975a8c251c04:3544003922,policy_document,rag_knowledge_base,no,raw_registered,
A000010,政策文件（本省）.zip,政策文件（本省）/价格招采处/2026.2.6关于执行第十一批国家组织药品集中采购中选品种和部分省际联盟药品协议期满接续采购中选结果的通知（青医保办发〔2026〕6号.pdf,2026.2.6关于执行第十一批国家组织药品集中采购中选品种和部分省际联盟药品协议期满接续采购中选结果的通知（青医保办发〔2026〕6号.pdf,.pdf,2091592,zip:0b8290900ee41deed863adab647f7edcf9b718f7370d5da9be77975a8c251c04:1045770857,policy_document,rag_knowledge_base,no,raw_registered,
A000011,政策文件（本省）.zip,政策文件（本省）/价格招采处/20260319关于执行1-8批国家组织药品集采协议期满品种接续采购中选结果的通知（青医保办发〔2026〕13号.pdf,20260319关于执行1-8批国家组织药品集采协议期满品种接续采购中选结果的通知（青医保办发〔2026〕13号.pdf,.pdf,1927953,zip:0b8290900ee41deed863adab647f7edcf9b718f7370d5da9be77975a8c251c04:3334365061,policy_document,rag_knowledge_base,no,raw_registered,
A000012,政策文件（本省）.zip,政策文件（本省）/价格招采处/20260511关于执行国家组织药物涂层球囊类、泌尿介入类医用耗材等12类医用耗材集中带量采购中选结果的通知（青医保办发〔2026〕32号）.pdf,20260511关于执行国家组织药物涂层球囊类、泌尿介入类医用耗材等12类医用耗材集中带量采购中选结果的通知（青医保办发〔2026〕32号）.pdf,.pdf,2934615,zip:0b8290900ee41deed863adab647f7edcf9b718f7370d5da9be77975a8c251c04:1324770608,policy_document,rag_knowledge_base,no,raw_registered,
A000013,政策文件（本省）.zip,政策文件（本省）/价格招采处/3.10关于执行人工耳蜗等4类医用耗材集中带量采购中选结果的通知（青医保局函〔2025〕21号）.pdf,3.10关于执行人工耳蜗等4类医用耗材集中带量采购中选结果的通知（青医保局函〔2025〕21号）.pdf,.pdf,2433344,zip:0b8290900ee41deed863adab647f7edcf9b718f7370d5da9be77975a8c251c04:968313861,policy_document,rag_knowledge_base,no,raw_registered,
A000014,政策文件（本省）.zip,政策文件（本省）/价格招采处/5.20关于执行国家组织外周血管支架及省际联盟外周血管介入类等17类医用耗材集中带量采购中选结果的通知（青医保办发〔2025〕29号）.pdf,5.20关于执行国家组织外周血管支架及省际联盟外周血管介入类等17类医用耗材集中带量采购中选结果的通知（青医保办发〔2025〕29号）.pdf,.pdf,2920393,zip:0b8290900ee41deed863adab647f7edcf9b718f7370d5da9be77975a8c251c04:854850145,policy_document,rag_knowledge_base,no,raw_registered,
A000015,政策文件（本省）.zip,政策文件（本省）/价格招采处/5.20青海省医保局办公室关于执行全国中成药联盟采购等5批省际联盟药品集中带量采购中选结果的通知（青医保办发〔2025〕28 号）.pdf,5.20青海省医保局办公室关于执行全国中成药联盟采购等5批省际联盟药品集中带量采购中选结果的通知（青医保办发〔2025〕28 号）.pdf,.pdf,2710870,zip:0b8290900ee41deed863adab647f7edcf9b718f7370d5da9be77975a8c251c04:1772333337,policy_document,rag_knowledge_base,no,raw_registered,
A000016,政策文件（本省）.zip,政策文件（本省）/价格招采处/《关于推进药品和医用耗材集中采购工作中医保资金结余留用与医保支付方式改革相衔接的通知》（青医保局发〔2025〕34号）.pdf,《关于推进药品和医用耗材集中采购工作中医保资金结余留用与医保支付方式改革相衔接的通知》（青医保局发〔2025〕34号）.pdf,.pdf,1636674,zip:0b8290900ee41deed863adab647f7edcf9b718f7370d5da9be77975a8c251c04:1971998829,policy_document,rag_knowledge_base,no,raw_registered,
A000017,政策文件（本省）.zip,政策文件（本省）/价格招采处/关于做好广东联盟双氯芬酸等药品集中带量采购第二年续签中选产品清单采购使用工作的通知青医保局函〔2024〕22号.pdf,关于做好广东联盟双氯芬酸等药品集中带量采购第二年续签中选产品清单采购使用工作的通知青医保局函〔2024〕22号.pdf,.pdf,1489444,zip:0b8290900ee41deed863adab647f7edcf9b718f7370d5da9be77975a8c251c04:114952238,policy_document,rag_knowledge_base,no,raw_registered,
A000018,政策文件（本省）.zip,政策文件（本省）/价格招采处/关于执行中药配方颗粒集中带量采购中选结果的通知（青医保局函〔2024〕79号）.pdf,关于执行中药配方颗粒集中带量采购中选结果的通知（青医保局函〔2024〕79号）.pdf,.pdf,1700763,zip:0b8290900ee41deed863adab647f7edcf9b718f7370d5da9be77975a8c251c04:501020256,policy_document,rag_knowledge_base,no,raw_registered,
A000019,政策文件（本省）.zip,政策文件（本省）/价格招采处/关于执行国家组织人工晶体类和运动医学类医用耗材集中带量采购中选结果的通知（青医保局函〔2024〕64号.pdf,关于执行国家组织人工晶体类和运动医学类医用耗材集中带量采购中选结果的通知（青医保局函〔2024〕64号.pdf,.pdf,14923715,zip:0b8290900ee41deed863adab647f7edcf9b718f7370d5da9be77975a8c251c04:468627856,policy_document,rag_knowledge_base,no,raw_registered,
A000020,政策文件（本省）.zip,政策文件（本省）/价格招采处/关于执行第九批国家组织药品集中带量采购和十九省联盟药品集中带量采购中选结果的通知（青医保局函〔2024〕 21号）.pdf,关于执行第九批国家组织药品集中带量采购和十九省联盟药品集中带量采购中选结果的通知（青医保局函〔2024〕 21号）.pdf,.pdf,8215185,zip:0b8290900ee41deed863adab647f7edcf9b718f7370d5da9be77975a8c251c04:888092641,policy_document,rag_knowledge_base,no,raw_registered,
A000021,政策文件（本省）.zip,政策文件（本省）/价格招采处/关于执行第十批国家组织药品集中带量采购和重庆联盟部分药品部分常用药和短缺药品协议期满接续采购中选结果的通知（青医保局函〔2025〕39 号）4.17.pdf,关于执行第十批国家组织药品集中带量采购和重庆联盟部分药品部分常用药和短缺药品协议期满接续采购中选结果的通知（青医保局函〔2025〕39 号）4.17.pdf,.pdf,2468805,zip:0b8290900ee41deed863adab647f7edcf9b718f7370d5da9be77975a8c251c04:3963525193,policy_document,rag_knowledge_base,no,raw_registered,
A000022,政策文件（本省）.zip,政策文件（本省）/价格招采处/关于执行肾功、心肌酶生化类检测试剂省际联盟集中带量采购和京津冀“3+N”联盟16种医用耗材省际联盟集中带量采购中选结果的通知（青医保局函〔2024〕120号）7.30.pdf,关于执行肾功、心肌酶生化类检测试剂省际联盟集中带量采购和京津冀“3+N”联盟16种医用耗材省际联盟集中带量采购中选结果的通知（青医保局函〔2024〕120号）7.30.pdf,.pdf,1923709,zip:0b8290900ee41deed863adab647f7edcf9b718f7370d5da9be77975a8c251c04:2756644470,policy_document,rag_knowledge_base,no,raw_registered,
A000023,政策文件（本省）.zip,政策文件（本省）/价格招采处/关于执行通用介入类、神经外科类等31类医用耗材省际联盟集中带量采购中选结果的通知（青医保局函〔2024〕83号）5.29.pdf,关于执行通用介入类、神经外科类等31类医用耗材省际联盟集中带量采购中选结果的通知（青医保局函〔2024〕83号）5.29.pdf,.pdf,2903477,zip:0b8290900ee41deed863adab647f7edcf9b718f7370d5da9be77975a8c251c04:1961186207,policy_document,rag_knowledge_base,no,raw_registered,
A000024,政策文件（本省）.zip,政策文件（本省）/价格招采处/青海省医保局 关于执行广东联盟易短缺和急抢救药等6批省际联盟药品集中带量采购中选结果的通知（青医保局函〔2024〕90 号）.pdf,青海省医保局 关于执行广东联盟易短缺和急抢救药等6批省际联盟药品集中带量采购中选结果的通知（青医保局函〔2024〕90 号）.pdf,.pdf,2971613,zip:0b8290900ee41deed863adab647f7edcf9b718f7370d5da9be77975a8c251c04:1659289653,policy_document,rag_knowledge_base,no,raw_registered,
A000025,政策文件（本省）.zip,政策文件（本省）/价格招采处/青海省医疗保障局 关于开展青海省药品和医用耗材集中采购价格联动产品挂网和采购工作的通知（青医保办发〔2024〕47号).pdf,青海省医疗保障局 关于开展青海省药品和医用耗材集中采购价格联动产品挂网和采购工作的通知（青医保办发〔2024〕47号).pdf,.pdf,1131145,zip:0b8290900ee41deed863adab647f7edcf9b718f7370d5da9be77975a8c251c04:3614664931,policy_document,rag_knowledge_base,no,raw_registered,
A000026,政策文件（本省）.zip,政策文件（本省）/价格招采处/青海省医疗保障局 关于执行国家组织人工关节集中带量采购协议期满接续采后中选结果的通知（青医保局函〔2024〕151号）.pdf,青海省医疗保障局 关于执行国家组织人工关节集中带量采购协议期满接续采后中选结果的通知（青医保局函〔2024〕151号）.pdf,.pdf,7194191,zip:0b8290900ee41deed863adab647f7edcf9b718f7370d5da9be77975a8c251c04:3583972366,policy_document,rag_knowledge_base,no,raw_registered,
A000027,政策文件（本省）.zip,政策文件（本省）/价格招采处/青海省医疗保障局 关于执行国家组织药品集中采购（胰岛素专项接续）中选结果的通知（青医保局函〔2024〕103号）.pdf,青海省医疗保障局 关于执行国家组织药品集中采购（胰岛素专项接续）中选结果的通知（青医保局函〔2024〕103号）.pdf,.pdf,2678352,zip:0b8290900ee41deed863adab647f7edcf9b718f7370d5da9be77975a8c251c04:3373350930,policy_document,rag_knowledge_base,no,raw_registered,
A000028,政策文件（本省）.zip,政策文件（本省）/价格招采处/青海省医疗保障局关于执行十三省（区、兵团）联盟国采二三四五批药品协议期满接续采购中选（备选）结果的通知（青医保局函〔2024〕152号）.pdf,青海省医疗保障局关于执行十三省（区、兵团）联盟国采二三四五批药品协议期满接续采购中选（备选）结果的通知（青医保局函〔2024〕152号）.pdf,.pdf,1319272,zip:0b8290900ee41deed863adab647f7edcf9b718f7370d5da9be77975a8c251c04:697708404,policy_document,rag_knowledge_base,no,raw_registered,
A000029,政策文件（本省）.zip,政策文件（本省）/价格招采处/青海省医疗保障局关于推进医保药品直接结算的通知（青医保局发〔2025〕19号）.pdf,青海省医疗保障局关于推进医保药品直接结算的通知（青医保局发〔2025〕19号）.pdf,.pdf,1245230,zip:0b8290900ee41deed863adab647f7edcf9b718f7370d5da9be77975a8c251c04:3653925981,policy_document,rag_knowledge_base,no,raw_registered,
A000030,政策文件（本省）.zip,政策文件（本省）/价格招采处/青海省医疗保障局关于规范注射剂挂网工作落实情况的报告(报国家）9.20.pdf,青海省医疗保障局关于规范注射剂挂网工作落实情况的报告(报国家）9.20.pdf,.pdf,207546,zip:0b8290900ee41deed863adab647f7edcf9b718f7370d5da9be77975a8c251c04:3217561593,policy_document,rag_knowledge_base,no,raw_registered,
A000031,政策文件（本省）.zip,政策文件（本省）/价格招采处/青海省医疗保障局办公室关于促进集采药品进基层医疗机构、进民营医疗机构、进零售药店的通知（青医保办发〔2025〕44号）.pdf,青海省医疗保障局办公室关于促进集采药品进基层医疗机构、进民营医疗机构、进零售药店的通知（青医保办发〔2025〕44号）.pdf,.pdf,4086599,zip:0b8290900ee41deed863adab647f7edcf9b718f7370d5da9be77975a8c251c04:2694507729,policy_document,rag_knowledge_base,no,raw_registered,
A000032,政策文件（本省）.zip,政策文件（本省）/价格招采处/青海省医疗保障局办公室关于印发青海省医药采购平台药品挂网规则的通知（青医保办发〔2025〕38号）.pdf,青海省医疗保障局办公室关于印发青海省医药采购平台药品挂网规则的通知（青医保办发〔2025〕38号）.pdf,.pdf,5917915,zip:0b8290900ee41deed863adab647f7edcf9b718f7370d5da9be77975a8c251c04:3261508305,policy_document,rag_knowledge_base,no,raw_registered,
A000033,政策文件（本省）.zip,政策文件（本省）/价格招采处/青海省医疗保障局办公室关于进一步优化药品和医用耗材挂网工作的通知（青医保办发〔2024〕26号）.pdf,青海省医疗保障局办公室关于进一步优化药品和医用耗材挂网工作的通知（青医保办发〔2024〕26号）.pdf,.pdf,1116241,zip:0b8290900ee41deed863adab647f7edcf9b718f7370d5da9be77975a8c251c04:3375744596,policy_document,rag_knowledge_base,no,raw_registered,
A000034,政策文件（本省）.zip,政策文件（本省）/价格招采处/医疗服务价格/,医疗服务价格,,0,0b8290900ee41deed863adab647f7edcf9b718f7370d5da9be77975a8c251c04,directory,asset_manifest,no,raw_registered,
A000035,政策文件（本省）.zip,政策文件（本省）/价格招采处/医疗服务价格/33批发文稿.rar,33批发文稿.rar,.rar,27885312,zip:0b8290900ee41deed863adab647f7edcf9b718f7370d5da9be77975a8c251c04:3356589210,project_catalog_or_price,data_ingestion,yes,needs_convert,
A000036,政策文件（本省）.zip,政策文件（本省）/价格招采处/医疗服务价格/诊疗项目目录（合并且更新到2026.6.1）(1).xlsx,诊疗项目目录（合并且更新到2026.6.1）(1).xlsx,.xlsx,4107067,zip:0b8290900ee41deed863adab647f7edcf9b718f7370d5da9be77975a8c251c04:147358023,project_catalog_or_price,data_ingestion,no,raw_registered,
A000037,政策文件（本省）.zip,政策文件（本省）/价格招采处/医疗服务价格/2024年/,2024年,,0,0b8290900ee41deed863adab647f7edcf9b718f7370d5da9be77975a8c251c04,directory,asset_manifest,no,raw_registered,
A000038,政策文件（本省）.zip,政策文件（本省）/价格招采处/医疗服务价格/2024年/青医保局函 2024 200号/,青医保局函 2024 200号,,0,0b8290900ee41deed863adab647f7edcf9b718f7370d5da9be77975a8c251c04,directory,asset_manifest,no,raw_registered,
A000039,政策文件（本省）.zip,政策文件（本省）/价格招采处/医疗服务价格/2024年/青医保局函 2024 200号/关于调整三十一项检验类医疗服务价格项目的通知(1).docx,关于调整三十一项检验类医疗服务价格项目的通知(1).docx,.docx,186636,zip:0b8290900ee41deed863adab647f7edcf9b718f7370d5da9be77975a8c251c04:2435957385,project_catalog_or_price,data_ingestion,no,raw_registered,
A000040,政策文件（本省）.zip,政策文件（本省）/价格招采处/医疗服务价格/2024年/青医保局函 2024 200号/糖类抗原等(2).xlsx发文共36(2).xlsx,糖类抗原等(2).xlsx发文共36(2).xlsx,.xlsx,1377308,zip:0b8290900ee41deed863adab647f7edcf9b718f7370d5da9be77975a8c251c04:3969918257,project_catalog_or_price,data_ingestion,no,raw_registered,
A000041,政策文件（本省）.zip,政策文件（本省）/价格招采处/医疗服务价格/2024年/青医保局函 2024 200号/青海省医疗保障局关于调整三十一项检验类医疗服务价格项目的通知.pdf,青海省医疗保障局关于调整三十一项检验类医疗服务价格项目的通知.pdf,.pdf,2424811,zip:0b8290900ee41deed863adab647f7edcf9b718f7370d5da9be77975a8c251c04:265882989,project_catalog_or_price,data_ingestion,no,raw_registered,
A000042,政策文件（本省）.zip,政策文件（本省）/价格招采处/医疗服务价格/2024年/青医保局函 2024 210号/,青医保局函 2024 210号,,0,0b8290900ee41deed863adab647f7edcf9b718f7370d5da9be77975a8c251c04,directory,asset_manifest,no,raw_registered,
A000043,政策文件（本省）.zip,政策文件（本省）/价格招采处/医疗服务价格/2024年/青医保局函 2024 210号/关于调整静脉置管术等医疗服务价格项目的通知(1).docx,关于调整静脉置管术等医疗服务价格项目的通知(1).docx,.docx,188493,zip:0b8290900ee41deed863adab647f7edcf9b718f7370d5da9be77975a8c251c04:3353386816,project_catalog_or_price,data_ingestion,no,raw_registered,
A000044,政策文件（本省）.zip,政策文件（本省）/价格招采处/医疗服务价格/2024年/青医保局函 2024 210号/发文附件.xlsx,发文附件.xlsx,.xlsx,17757,zip:0b8290900ee41deed863adab647f7edcf9b718f7370d5da9be77975a8c251c04:54872846,project_catalog_or_price,data_ingestion,no,raw_registered,
A000045,政策文件（本省）.zip,政策文件（本省）/价格招采处/医疗服务价格/2024年/青医保局函 2024 210号/青海省医疗保障局关于调整静脉置管术等5项医疗服务价格项目的通知.pdf,青海省医疗保障局关于调整静脉置管术等5项医疗服务价格项目的通知.pdf,.pdf,998074,zip:0b8290900ee41deed863adab647f7edcf9b718f7370d5da9be77975a8c251c04:2868066784,project_catalog_or_price,data_ingestion,no,raw_registered,
A000046,政策文件（本省）.zip,政策文件（本省）/价格招采处/医疗服务价格/2024年/青医保局函 2024 227号/,青医保局函 2024 227号,,0,0b8290900ee41deed863adab647f7edcf9b718f7370d5da9be77975a8c251c04,directory,asset_manifest,no,raw_registered,
A000047,政策文件（本省）.zip,政策文件（本省）/价格招采处/医疗服务价格/2024年/青医保局函 2024 227号/关于调整血液光量子医疗服务价格项目的通知(1).docx,关于调整血液光量子医疗服务价格项目的通知(1).docx,.docx,185757,zip:0b8290900ee41deed863adab647f7edcf9b718f7370d5da9be77975a8c251c04:1549079278,project_catalog_or_price,data_ingestion,no,raw_registered,
A000048,政策文件（本省）.zip,政策文件（本省）/价格招采处/医疗服务价格/2024年/青医保局函 2024 227号/血液光量子.xlsx,血液光量子.xlsx,.xlsx,11045,zip:0b8290900ee41deed863adab647f7edcf9b718f7370d5da9be77975a8c251c04:4214255662,project_catalog_or_price,data_ingestion,no,raw_registered,
A000049,政策文件（本省）.zip,政策文件（本省）/价格招采处/医疗服务价格/2024年/青医保局函 2024 227号/附件血液光量子照射治疗医疗服务项目价格调整目录.xlsx,附件血液光量子照射治疗医疗服务项目价格调整目录.xlsx,.xlsx,11142,zip:0b8290900ee41deed863adab647f7edcf9b718f7370d5da9be77975a8c251c04:1869394832,project_catalog_or_price,data_ingestion,no,raw_registered,
A000050,政策文件（本省）.zip,政策文件（本省）/价格招采处/医疗服务价格/2024年/青医保局函 2024 227号/青海省医疗保障局关于调整血液光量子照射治疗医疗服务价格项目的通知.pdf,青海省医疗保障局关于调整血液光量子照射治疗医疗服务价格项目的通知.pdf,.pdf,775627,zip:0b8290900ee41deed863adab647f7edcf9b718f7370d5da9be77975a8c251c04:748906052,project_catalog_or_price,data_ingestion,no,raw_registered,
A000051,政策文件（本省）.zip,政策文件（本省）/价格招采处/医疗服务价格/2024年/青医保局发2024 15号/,青医保局发2024 15号,,0,0b8290900ee41deed863adab647f7edcf9b718f7370d5da9be77975a8c251c04,directory,asset_manifest,no,raw_registered,
A000052,政策文件（本省）.zip,政策文件（本省）/价格招采处/医疗服务价格/2024年/青医保局发2024 15号/15号标记版.xlsx,15号标记版.xlsx,.xlsx,48473,zip:0b8290900ee41deed863adab647f7edcf9b718f7370d5da9be77975a8c251c04:3097823278,project_catalog_or_price,data_ingestion,no,raw_registered,
A000053,政策文件（本省）.zip,政策文件（本省）/价格招采处/医疗服务价格/2024年/青医保局发2024 15号/关于新增和修订部分医疗服务价格项目的通知.docx,关于新增和修订部分医疗服务价格项目的通知.docx,.docx,181599,zip:0b8290900ee41deed863adab647f7edcf9b718f7370d5da9be77975a8c251c04:2847326849,project_catalog_or_price,data_ingestion,no,raw_registered,
A000054,政策文件（本省）.zip,政策文件（本省）/价格招采处/医疗服务价格/2024年/青医保局发2024 15号/关于调整“辅助生殖”等142项医疗服务价格项目的通知.pdf,关于调整“辅助生殖”等142项医疗服务价格项目的通知.pdf,.pdf,895815,zip:0b8290900ee41deed863adab647f7edcf9b718f7370d5da9be77975a8c251c04:1772386651,project_catalog_or_price,data_ingestion,no,raw_registered,
A000055,政策文件（本省）.zip,政策文件（本省）/价格招采处/医疗服务价格/2024年/青医保局发2024 15号/附件1.2.xlsx,附件1.2.xlsx,.xlsx,42479,zip:0b8290900ee41deed863adab647f7edcf9b718f7370d5da9be77975a8c251c04:2109193025,project_catalog_or_price,data_ingestion,no,raw_registered,
A000056,政策文件（本省）.zip,政策文件（本省）/价格招采处/医疗服务价格/2024年/青医保局发2024 21号/,青医保局发2024 21号,,0,0b8290900ee41deed863adab647f7edcf9b718f7370d5da9be77975a8c251c04,directory,asset_manifest,no,raw_registered,
A000057,政策文件（本省）.zip,政策文件（本省）/价格招采处/医疗服务价格/2024年/青医保局发2024 21号/关于公布2024版青海省公立医疗机构医疗服务价格汇总表的通知.docx,关于公布2024版青海省公立医疗机构医疗服务价格汇总表的通知.docx,.docx,168791,zip:0b8290900ee41deed863adab647f7edcf9b718f7370d5da9be77975a8c251c04:953948044,project_catalog_or_price,data_ingestion,no,raw_registered,
A000058,政策文件（本省）.zip,政策文件（本省）/价格招采处/医疗服务价格/2024年/青医保局发2024 21号/青海省公立医疗机构医疗服务价格汇总表（2024版）.xls,青海省公立医疗机构医疗服务价格汇总表（2024版）.xls,.xls,3948544,zip:0b8290900ee41deed863adab647f7edcf9b718f7370d5da9be77975a8c251c04:1578268948,project_catalog_or_price,data_ingestion,no,raw_registered,
A000059,政策文件（本省）.zip,政策文件（本省）/价格招采处/医疗服务价格/2024年/青医保局发2024 21号/青海省医疗保障局关于公布2024版青海省公立医疗机构医疗服务价格汇总表的通知.pdf,青海省医疗保障局关于公布2024版青海省公立医疗机构医疗服务价格汇总表的通知.pdf,.pdf,390811,zip:0b8290900ee41deed863adab647f7edcf9b718f7370d5da9be77975a8c251c04:3081975603,project_catalog_or_price,data_ingestion,no,raw_registered,
A000060,政策文件（本省）.zip,政策文件（本省）/价格招采处/医疗服务价格/2024年/青医保局发2024 62号/,青医保局发2024 62号,,0,0b8290900ee41deed863adab647f7edcf9b718f7370d5da9be77975a8c251c04,directory,asset_manifest,no,raw_registered,
A000061,政策文件（本省）.zip,政策文件（本省）/价格招采处/医疗服务价格/2024年/青医保局发2024 62号/青医保局发62号.pdf,青医保局发62号.pdf,.pdf,885196,zip:0b8290900ee41deed863adab647f7edcf9b718f7370d5da9be77975a8c251c04:4249733068,project_catalog_or_price,data_ingestion,no,raw_registered,
A000062,政策文件（本省）.zip,政策文件（本省）/价格招采处/医疗服务价格/2024年/青医保局发2024 62号/青海省新增医疗服务价格项目申报材料.doc,青海省新增医疗服务价格项目申报材料.doc,.doc,444448,zip:0b8290900ee41deed863adab647f7edcf9b718f7370d5da9be77975a8c251c04:3614104890,project_catalog_or_price,data_ingestion,yes,needs_convert,
A000063,政策文件（本省）.zip,政策文件（本省）/价格招采处/医疗服务价格/2024年/青医保局发2024 62号/青海省新增医疗服务价格项目管理办法 .docx,青海省新增医疗服务价格项目管理办法 .docx,.docx,284718,zip:0b8290900ee41deed863adab647f7edcf9b718f7370d5da9be77975a8c251c04:886955608,project_catalog_or_price,data_ingestion,no,raw_registered,
A000064,政策文件（本省）.zip,政策文件（本省）/价格招采处/医疗服务价格/2024年/青医保局发2024 68.69/,青医保局发2024 68.69,.69,0,0b8290900ee41deed863adab647f7edcf9b718f7370d5da9be77975a8c251c04,project_catalog_or_price,data_ingestion,no,raw_registered,
A000065,政策文件（本省）.zip,政策文件（本省）/价格招采处/医疗服务价格/2024年/青医保局发2024 68.69/68号文.pdf,68号文.pdf,.pdf,551959,zip:0b8290900ee41deed863adab647f7edcf9b718f7370d5da9be77975a8c251c04:850967500,project_catalog_or_price,data_ingestion,no,raw_registered,
A000066,政策文件（本省）.zip,政策文件（本省）/价格招采处/医疗服务价格/2024年/青医保局发2024 68.69/69号文.pdf,69号文.pdf,.pdf,572300,zip:0b8290900ee41deed863adab647f7edcf9b718f7370d5da9be77975a8c251c04:3593912393,project_catalog_or_price,data_ingestion,no,raw_registered,
A000067,政策文件（本省）.zip,政策文件（本省）/价格招采处/医疗服务价格/2024年/青医保局发2024 68.69/勘误407项内容对比表.xlsx,勘误407项内容对比表.xlsx,.xlsx,105248,zip:0b8290900ee41deed863adab647f7edcf9b718f7370d5da9be77975a8c251c04:2294798700,project_catalog_or_price,data_ingestion,no,raw_registered,
A000068,政策文件（本省）.zip,政策文件（本省）/价格招采处/医疗服务价格/2024年/青医保局发2024 73号/,青医保局发2024 73号,,0,0b8290900ee41deed863adab647f7edcf9b718f7370d5da9be77975a8c251c04,directory,asset_manifest,no,raw_registered,
A000069,政策文件（本省）.zip,政策文件（本省）/价格招采处/医疗服务价格/2024年/青医保局发2024 73号/关于调整四项检验类医疗服务价格项目的通知.docx,关于调整四项检验类医疗服务价格项目的通知.docx,.docx,174722,zip:0b8290900ee41deed863adab647f7edcf9b718f7370d5da9be77975a8c251c04:2394261701,project_catalog_or_price,data_ingestion,no,raw_registered,
A000070,政策文件（本省）.zip,政策文件（本省）/价格招采处/医疗服务价格/2024年/青医保局发2024 73号/附件.xls,附件.xls,.xls,21504,zip:0b8290900ee41deed863adab647f7edcf9b718f7370d5da9be77975a8c251c04:177589963,project_catalog_or_price,data_ingestion,no,raw_registered,
A000071,政策文件（本省）.zip,政策文件（本省）/价格招采处/医疗服务价格/2024年/青医保局发2024 73号/青海省医保局关于调整四项检查检验类医疗服务价格项目的通知（青医保局发〔2024〕73号）.pdf,青海省医保局关于调整四项检查检验类医疗服务价格项目的通知（青医保局发〔2024〕73号）.pdf,.pdf,927469,zip:0b8290900ee41deed863adab647f7edcf9b718f7370d5da9be77975a8c251c04:1805381256,project_catalog_or_price,data_ingestion,no,raw_registered,
A000072,政策文件（本省）.zip,政策文件（本省）/价格招采处/医疗服务价格/2025年/,2025年,,0,0b8290900ee41deed863adab647f7edcf9b718f7370d5da9be77975a8c251c04,directory,asset_manifest,no,raw_registered,
A000073,政策文件（本省）.zip,政策文件（本省）/价格招采处/医疗服务价格/2025年/青医保局函 2025 60号/,青医保局函 2025 60号,,0,0b8290900ee41deed863adab647f7edcf9b718f7370d5da9be77975a8c251c04,directory,asset_manifest,no,raw_registered,
A000074,政策文件（本省）.zip,政策文件（本省）/价格招采处/医疗服务价格/2025年/青医保局函 2025 60号/关于调整放射检查类等医疗服务价格项目及医保支付类别的补充通知.doc,关于调整放射检查类等医疗服务价格项目及医保支付类别的补充通知.doc,.doc,183808,zip:0b8290900ee41deed863adab647f7edcf9b718f7370d5da9be77975a8c251c04:4114408160,project_catalog_or_price,data_ingestion,yes,needs_convert,
A000075,政策文件（本省）.zip,政策文件（本省）/价格招采处/医疗服务价格/2025年/青医保局函 2025 60号/青海省医疗保障局《关于调整放射检查等医疗服务价格项目及医保支付类别的通知》的补充通知.pdf,青海省医疗保障局《关于调整放射检查等医疗服务价格项目及医保支付类别的通知》的补充通知.pdf,.pdf,1215487,zip:0b8290900ee41deed863adab647f7edcf9b718f7370d5da9be77975a8c251c04:1005048606,project_catalog_or_price,data_ingestion,no,raw_registered,
A000076,政策文件（本省）.zip,政策文件（本省）/价格招采处/医疗服务价格/2025年/青医保局发2025 12号/,青医保局发2025 12号,,0,0b8290900ee41deed863adab647f7edcf9b718f7370d5da9be77975a8c251c04,directory,asset_manifest,no,raw_registered,
A000077,政策文件（本省）.zip,政策文件（本省）/价格招采处/医疗服务价格/2025年/青医保局发2025 12号/产科发文(1)(1)(3).xlsx,产科发文(1)(1)(3).xlsx,.xlsx,27255,zip:0b8290900ee41deed863adab647f7edcf9b718f7370d5da9be77975a8c251c04:3947720114,project_catalog_or_price,data_ingestion,no,raw_registered,
A000078,政策文件（本省）.zip,政策文件（本省）/价格招采处/医疗服务价格/2025年/青医保局发2025 12号/关于公布产科类医疗服务价格通知(1).docx1(2).docx,关于公布产科类医疗服务价格通知(1).docx1(2).docx,.docx,187442,zip:0b8290900ee41deed863adab647f7edcf9b718f7370d5da9be77975a8c251c04:2739874257,project_catalog_or_price,data_ingestion,no,raw_registered,
A000079,政策文件（本省）.zip,政策文件（本省）/价格招采处/医疗服务价格/2025年/青医保局发2025 12号/关于调整产科类等医疗服务价格项目及医保支付类别的通知3.12.pdf,关于调整产科类等医疗服务价格项目及医保支付类别的通知3.12.pdf,.pdf,6012594,zip:0b8290900ee41deed863adab647f7edcf9b718f7370d5da9be77975a8c251c04:3066498572,project_catalog_or_price,data_ingestion,no,raw_registered,
A000080,政策文件（本省）.zip,政策文件（本省）/价格招采处/医疗服务价格/2025年/青医保局发2025 23号/,青医保局发2025 23号,,0,0b8290900ee41deed863adab647f7edcf9b718f7370d5da9be77975a8c251c04,directory,asset_manifest,no,raw_registered,
A000081,政策文件（本省）.zip,政策文件（本省）/价格招采处/医疗服务价格/2025年/青医保局发2025 23号/关于调整放射检查等医疗服务价格项目及医保支付类别的通知.pdf,关于调整放射检查等医疗服务价格项目及医保支付类别的通知.pdf,.pdf,2827594,zip:0b8290900ee41deed863adab647f7edcf9b718f7370d5da9be77975a8c251c04:2353503539,project_catalog_or_price,data_ingestion,no,raw_registered,
A000082,政策文件（本省）.zip,政策文件（本省）/价格招采处/医疗服务价格/2025年/青医保局发2025 23号/青医保局发23号.docx,青医保局发23号.docx,.docx,200271,zip:0b8290900ee41deed863adab647f7edcf9b718f7370d5da9be77975a8c251c04:757212813,project_catalog_or_price,data_ingestion,no,raw_registered,
A000083,政策文件（本省）.zip,政策文件（本省）/价格招采处/医疗服务价格/2025年/青医保局发2025 23号/青医保局发23号附件（最终版）.xlsx,青医保局发23号附件（最终版）.xlsx,.xlsx,1841871,zip:0b8290900ee41deed863adab647f7edcf9b718f7370d5da9be77975a8c251c04:2638213640,project_catalog_or_price,data_ingestion,no,raw_registered,
A000084,政策文件（本省）.zip,政策文件（本省）/价格招采处/医疗服务价格/2025年/青医保局发2025 31号/,青医保局发2025 31号,,0,0b8290900ee41deed863adab647f7edcf9b718f7370d5da9be77975a8c251c04,directory,asset_manifest,no,raw_registered,
A000085,政策文件（本省）.zip,政策文件（本省）/价格招采处/医疗服务价格/2025年/青医保局发2025 31号/附件1透析类医疗服务价格项目及医保支付类别调整明细表.xlsx,附件1透析类医疗服务价格项目及医保支付类别调整明细表.xlsx,.xlsx,25761,zip:0b8290900ee41deed863adab647f7edcf9b718f7370d5da9be77975a8c251c04:1217263107,project_catalog_or_price,data_ingestion,no,raw_registered,
A000086,政策文件（本省）.zip,政策文件（本省）/价格招采处/医疗服务价格/2025年/青医保局发2025 31号/附件2青海省透析类医疗服务项目调整说明.xlsx,附件2青海省透析类医疗服务项目调整说明.xlsx,.xlsx,17110,zip:0b8290900ee41deed863adab647f7edcf9b718f7370d5da9be77975a8c251c04:3384647576,project_catalog_or_price,data_ingestion,no,raw_registered,
A000087,政策文件（本省）.zip,政策文件（本省）/价格招采处/医疗服务价格/2025年/青医保局发2025 31号/青医保局发31号.docx,青医保局发31号.docx,.docx,199995,zip:0b8290900ee41deed863adab647f7edcf9b718f7370d5da9be77975a8c251c04:1437322329,project_catalog_or_price,data_ingestion,no,raw_registered,
A000088,政策文件（本省）.zip,政策文件（本省）/价格招采处/医疗服务价格/2025年/青医保局发2025 31号/青海省医疗保障局关于调整透析类医疗服务价格项目及医保支付类别的通知.pdf,青海省医疗保障局关于调整透析类医疗服务价格项目及医保支付类别的通知.pdf,.pdf,6358784,zip:0b8290900ee41deed863adab647f7edcf9b718f7370d5da9be77975a8c251c04:3586595571,project_catalog_or_price,data_ingestion,no,raw_registered,
A000089,政策文件（本省）.zip,政策文件（本省）/价格招采处/医疗服务价格/2025年/青医保局发2025 31号/青海省透析类医疗服务项目价格调整说明(1).pdf,青海省透析类医疗服务项目价格调整说明(1).pdf,.pdf,81955215,zip:0b8290900ee41deed863adab647f7edcf9b718f7370d5da9be77975a8c251c04:4103366654,project_catalog_or_price,data_ingestion,no,raw_registered,
A000090,政策文件（本省）.zip,政策文件（本省）/价格招采处/医疗服务价格/2025年/青医保局发2025 37号/,青医保局发2025 37号,,0,0b8290900ee41deed863adab647f7edcf9b718f7370d5da9be77975a8c251c04,directory,asset_manifest,no,raw_registered,
A000091,政策文件（本省）.zip,政策文件（本省）/价格招采处/医疗服务价格/2025年/青医保局发2025 37号/关于开展医疗服务价格治理（第六批）的通知.pdf,关于开展医疗服务价格治理（第六批）的通知.pdf,.pdf,589545,zip:0b8290900ee41deed863adab647f7edcf9b718f7370d5da9be77975a8c251c04:2196700943,project_catalog_or_price,data_ingestion,no,raw_registered,
A000092,政策文件（本省）.zip,政策文件（本省）/价格招采处/医疗服务价格/2025年/青医保局发2025 37号/关于规范有关医疗服务价格项目的函.pdf,关于规范有关医疗服务价格项目的函.pdf,.pdf,57456,zip:0b8290900ee41deed863adab647f7edcf9b718f7370d5da9be77975a8c251c04:3921817148,project_catalog_or_price,data_ingestion,no,raw_registered,
A000093,政策文件（本省）.zip,政策文件（本省）/价格招采处/医疗服务价格/2025年/青医保局发2025 37号/结核检测等医疗服务价格项目及医保支付类别调整明细表.xls,结核检测等医疗服务价格项目及医保支付类别调整明细表.xls,.xls,23552,zip:0b8290900ee41deed863adab647f7edcf9b718f7370d5da9be77975a8c251c04:2441035534,project_catalog_or_price,data_ingestion,no,raw_registered,
A000094,政策文件（本省）.zip,政策文件（本省）/价格招采处/医疗服务价格/2025年/青医保局发2025 37号/青医保局发37号.docx,青医保局发37号.docx,.docx,193856,zip:0b8290900ee41deed863adab647f7edcf9b718f7370d5da9be77975a8c251c04:3341214291,project_catalog_or_price,data_ingestion,no,raw_registered,
A000095,政策文件（本省）.zip,政策文件（本省）/价格招采处/医疗服务价格/2025年/青医保局发2025 37号/青海省医疗保障局关于调整结核检测等医疗服务价格项目及医保支付类别的通知.pdf,青海省医疗保障局关于调整结核检测等医疗服务价格项目及医保支付类别的通知.pdf,.pdf,1325393,zip:0b8290900ee41deed863adab647f7edcf9b718f7370d5da9be77975a8c251c04:4255642700,project_catalog_or_price,data_ingestion,no,raw_registered,
A000096,政策文件（本省）.zip,政策文件（本省）/价格招采处/医疗服务价格/2025年/青医保局发2025 38号/,青医保局发2025 38号,,0,0b8290900ee41deed863adab647f7edcf9b718f7370d5da9be77975a8c251c04,directory,asset_manifest,no,raw_registered,
A000097,政策文件（本省）.zip,政策文件（本省）/价格招采处/医疗服务价格/2025年/青医保局发2025 38号/发文附件.xls,发文附件.xls,.xls,22528,zip:0b8290900ee41deed863adab647f7edcf9b718f7370d5da9be77975a8c251c04:2446674018,project_catalog_or_price,data_ingestion,no,raw_registered,
A000098,政策文件（本省）.zip,政策文件（本省）/价格招采处/医疗服务价格/2025年/青医保局发2025 38号/青海省医疗保障局关于新增3项藏医医疗服务价格项目的通知.pdf,青海省医疗保障局关于新增3项藏医医疗服务价格项目的通知.pdf,.pdf,874459,zip:0b8290900ee41deed863adab647f7edcf9b718f7370d5da9be77975a8c251c04:2237589579,project_catalog_or_price,data_ingestion,no,raw_registered,
A000099,政策文件（本省）.zip,政策文件（本省）/价格招采处/医疗服务价格/2025年/青医保局发2025 38号/青海省医疗保障局新增3项藏医医疗服务价格项目的通知.docx,青海省医疗保障局新增3项藏医医疗服务价格项目的通知.docx,.docx,181849,zip:0b8290900ee41deed863adab647f7edcf9b718f7370d5da9be77975a8c251c04:3276305442,project_catalog_or_price,data_ingestion,no,raw_registered,
A000100,政策文件（本省）.zip,政策文件（本省）/价格招采处/医疗服务价格/2025年/青医保局发2025 3号/,青医保局发2025 3号,,0,0b8290900ee41deed863adab647f7edcf9b718f7370d5da9be77975a8c251c04,directory,asset_manifest,no,raw_registered,
A000101,政策文件（本省）.zip,政策文件（本省）/价格招采处/医疗服务价格/2025年/青医保局发2025 3号/25青医保局发3（第三页原版无章）.pdf,25青医保局发3（第三页原版无章）.pdf,.pdf,95966,zip:0b8290900ee41deed863adab647f7edcf9b718f7370d5da9be77975a8c251c04:1001390155,project_catalog_or_price,data_ingestion,no,raw_registered,
A000102,政策文件（本省）.zip,政策文件（本省）/价格招采处/医疗服务价格/2025年/青医保局发2025 3号/青医保局发〔2025〕3号.pdf,青医保局发〔2025〕3号.pdf,.pdf,1399571,zip:0b8290900ee41deed863adab647f7edcf9b718f7370d5da9be77975a8c251c04:65325971,project_catalog_or_price,data_ingestion,no,raw_registered,
A000103,政策文件（本省）.zip,政策文件（本省）/价格招采处/医疗服务价格/2025年/青医保局发2025 3号/青海省医疗保障局关于调整护理类等医疗服务价格项目的通知（青医保局发〔2025〕3号）.docx,青海省医疗保障局关于调整护理类等医疗服务价格项目的通知（青医保局发〔2025〕3号）.docx,.docx,172960,zip:0b8290900ee41deed863adab647f7edcf9b718f7370d5da9be77975a8c251c04:2456079523,project_catalog_or_price,data_ingestion,no,raw_registered,
A000104,政策文件（本省）.zip,政策文件（本省）/价格招采处/医疗服务价格/2025年/青医保局发2025 3号/青海省医疗保障局关于调整护理类等医疗服务价格项目的通知（青医保局发〔2025〕3号）.pdf,青海省医疗保障局关于调整护理类等医疗服务价格项目的通知（青医保局发〔2025〕3号）.pdf,.pdf,599713,zip:0b8290900ee41deed863adab647f7edcf9b718f7370d5da9be77975a8c251c04:4127737548,project_catalog_or_price,data_ingestion,no,raw_registered,
A000105,政策文件（本省）.zip,政策文件（本省）/价格招采处/医疗服务价格/2025年/青医保局发2025 3号/发文附件/,发文附件,,0,0b8290900ee41deed863adab647f7edcf9b718f7370d5da9be77975a8c251c04,directory,asset_manifest,no,raw_registered,
A000106,政策文件（本省）.zip,政策文件（本省）/价格招采处/医疗服务价格/2025年/青医保局发2025 3号/发文附件/381项修订公示(5)(1).xlsnew.xlsx格式.xlsx,381项修订公示(5)(1).xlsnew.xlsx格式.xlsx,.xlsx,4285871,zip:0b8290900ee41deed863adab647f7edcf9b718f7370d5da9be77975a8c251c04:4032257466,project_catalog_or_price,data_ingestion,no,raw_registered,
A000107,政策文件（本省）.zip,政策文件（本省）/价格招采处/医疗服务价格/2025年/青医保局发2025 3号/发文附件/附件1护理类医疗服务价格项目及医保支付类别调整明细表.xls,附件1护理类医疗服务价格项目及医保支付类别调整明细表.xls,.xls,3206656,zip:0b8290900ee41deed863adab647f7edcf9b718f7370d5da9be77975a8c251c04:1276253027,project_catalog_or_price,data_ingestion,no,raw_registered,
A000108,政策文件（本省）.zip,政策文件（本省）/价格招采处/医疗服务价格/2025年/青医保局发2025 3号/发文附件/附件2临床量表类医疗服务价格项目及医保支付类别调整明细表.xls,附件2临床量表类医疗服务价格项目及医保支付类别调整明细表.xls,.xls,76288,zip:0b8290900ee41deed863adab647f7edcf9b718f7370d5da9be77975a8c251c04:4102334808,project_catalog_or_price,data_ingestion,no,raw_registered,
A000109,政策文件（本省）.zip,政策文件（本省）/价格招采处/医疗服务价格/2025年/青医保局发2025 3号/发文附件/附件3中医针法类医疗服务价格项目及医保支付类别调整明细表.xls,附件3中医针法类医疗服务价格项目及医保支付类别调整明细表.xls,.xls,3207168,zip:0b8290900ee41deed863adab647f7edcf9b718f7370d5da9be77975a8c251c04:3218558552,project_catalog_or_price,data_ingestion,no,raw_registered,
A000110,政策文件（本省）.zip,政策文件（本省）/价格招采处/医疗服务价格/2025年/青医保局发2025 3号/发文附件/附件4中医外治类医疗服务价格项目及医保支付类别调整明细表.xls,附件4中医外治类医疗服务价格项目及医保支付类别调整明细表.xls,.xls,3207680,zip:0b8290900ee41deed863adab647f7edcf9b718f7370d5da9be77975a8c251c04:2733265270,project_catalog_or_price,data_ingestion,no,raw_registered,
A000111,政策文件（本省）.zip,政策文件（本省）/价格招采处/医疗服务价格/2025年/青医保局发2025 3号/发文附件/附件5器官移植类医疗服务价格项目及医保支付类别调整明细表.xls,附件5器官移植类医疗服务价格项目及医保支付类别调整明细表.xls,.xls,39424,zip:0b8290900ee41deed863adab647f7edcf9b718f7370d5da9be77975a8c251c04:2038886486,project_catalog_or_price,data_ingestion,no,raw_registered,
A000112,政策文件（本省）.zip,政策文件（本省）/价格招采处/医疗服务价格/2025年/青医保局发2025 3号/发文附件/附件6修订医疗服务价格项目及医保支付类别明细表.xls,附件6修订医疗服务价格项目及医保支付类别明细表.xls,.xls,52736,zip:0b8290900ee41deed863adab647f7edcf9b718f7370d5da9be77975a8c251c04:1595514300,project_catalog_or_price,data_ingestion,no,raw_registered,
A000113,政策文件（本省）.zip,政策文件（本省）/价格招采处/医疗服务价格/2025年/青医保局发2025 46号/,青医保局发2025 46号,,0,0b8290900ee41deed863adab647f7edcf9b718f7370d5da9be77975a8c251c04,directory,asset_manifest,no,raw_registered,
A000114,政策文件（本省）.zip,政策文件（本省）/价格招采处/医疗服务价格/2025年/青医保局发2025 46号/2025年12月17日发文版汇总(1).xlsx,2025年12月17日发文版汇总(1).xlsx,.xlsx,1192652,zip:0b8290900ee41deed863adab647f7edcf9b718f7370d5da9be77975a8c251c04:3892746555,project_catalog_or_price,data_ingestion,no,raw_registered,
A000115,政策文件（本省）.zip,政策文件（本省）/价格招采处/医疗服务价格/2025年/青医保局发2025 46号/关于调整精神类等医疗服务价格项目及医保支付类别的通知.docx,关于调整精神类等医疗服务价格项目及医保支付类别的通知.docx,.docx,193109,zip:0b8290900ee41deed863adab647f7edcf9b718f7370d5da9be77975a8c251c04:1795327828,project_catalog_or_price,data_ingestion,no,raw_registered,
A000116,政策文件（本省）.zip,政策文件（本省）/价格招采处/医疗服务价格/2025年/青医保局发2025 46号/青医保局发〔2025〕46号(1).pdf,青医保局发〔2025〕46号(1).pdf,.pdf,6261385,zip:0b8290900ee41deed863adab647f7edcf9b718f7370d5da9be77975a8c251c04:140676365,project_catalog_or_price,data_ingestion,no,raw_registered,
A000117,政策文件（本省）.zip,政策文件（本省）/待遇处2024-2025年政策文件(1)/,待遇处2024-2025年政策文件(1),,0,0b8290900ee41deed863adab647f7edcf9b718f7370d5da9be77975a8c251c04,directory,asset_manifest,no,raw_registered,
A000118,政策文件（本省）.zip,政策文件（本省）/待遇处2024-2025年政策文件(1)/待遇处2024-2025年政策文件/,待遇处2024-2025年政策文件,,0,0b8290900ee41deed863adab647f7edcf9b718f7370d5da9be77975a8c251c04,directory,asset_manifest,no,raw_registered,
A000119,政策文件（本省）.zip,政策文件（本省）/待遇处2024-2025年政策文件(1)/待遇处2024-2025年政策文件/7.24青医保局发〔2025〕27号（关于调整职工生育保险政策的通知）.docx,7.24青医保局发〔2025〕27号（关于调整职工生育保险政策的通知）.docx,.docx,316949,zip:0b8290900ee41deed863adab647f7edcf9b718f7370d5da9be77975a8c251c04:1980184527,policy_document,rag_knowledge_base,no,raw_registered,
A000120,政策文件（本省）.zip,政策文件（本省）/待遇处2024-2025年政策文件(1)/待遇处2024-2025年政策文件/关于印发《青海省省级生育保险和职工基本医疗保险合并实施细则》的通知（青医保局发〔2025〕15号）（定稿）(1).pdf,关于印发《青海省省级生育保险和职工基本医疗保险合并实施细则》的通知（青医保局发〔2025〕15号）（定稿）(1).pdf,.pdf,546982,zip:0b8290900ee41deed863adab647f7edcf9b718f7370d5da9be77975a8c251c04:2451967844,policy_document,rag_knowledge_base,no,raw_registered,
A000121,政策文件（本省）.zip,政策文件（本省）/待遇处2024-2025年政策文件(1)/待遇处2024-2025年政策文件/关于扩大职工医保个人账户使用范围的通知（青医保局发〔2024〕80号）(1).pdf,关于扩大职工医保个人账户使用范围的通知（青医保局发〔2024〕80号）(1).pdf,.pdf,561986,zip:0b8290900ee41deed863adab647f7edcf9b718f7370d5da9be77975a8c251c04:2016738705,policy_document,rag_knowledge_base,no,raw_registered,
A000122,政策文件（本省）.zip,政策文件（本省）/待遇处2024-2025年政策文件(1)/待遇处2024-2025年政策文件/关于调整城乡居民医保有关政策的通知.pdf,关于调整城乡居民医保有关政策的通知.pdf,.pdf,1095243,zip:0b8290900ee41deed863adab647f7edcf9b718f7370d5da9be77975a8c251c04:2844989451,policy_document,rag_knowledge_base,no,raw_registered,
A000123,政策文件（本省）.zip,政策文件（本省）/待遇处2024-2025年政策文件(1)/待遇处2024-2025年政策文件/青海省医疗保障局青海省财政厅关于统一规范全省职工医疗保险缴费有关政策的通知（青医保局发【2025】29号）.pdf,青海省医疗保障局青海省财政厅关于统一规范全省职工医疗保险缴费有关政策的通知（青医保局发【2025】29号）.pdf,.pdf,586764,zip:0b8290900ee41deed863adab647f7edcf9b718f7370d5da9be77975a8c251c04:2367292565,policy_document,rag_knowledge_base,no,raw_registered,
A000124,政策文件（本省）.zip,政策文件（本省）/待遇处2024-2025年政策文件(1)/待遇处2024-2025年政策文件/青海省推进职工医保省级统筹实施意见.pdf,青海省推进职工医保省级统筹实施意见.pdf,.pdf,3383737,zip:0b8290900ee41deed863adab647f7edcf9b718f7370d5da9be77975a8c251c04:1361253926,policy_document,rag_knowledge_base,no,raw_registered,
A000125,政策文件（本省）.zip,政策文件（本省）/待遇处2024-2025年政策文件(1)/待遇处2024-2025年政策文件/（青医保局发【2021】83号）--关于巩固拓展医疗保障脱贫攻坚有效衔接乡村振兴战略的实施方案.pdf,（青医保局发【2021】83号）--关于巩固拓展医疗保障脱贫攻坚有效衔接乡村振兴战略的实施方案.pdf,.pdf,6016829,zip:0b8290900ee41deed863adab647f7edcf9b718f7370d5da9be77975a8c251c04:1958263173,policy_document,rag_knowledge_base,no,raw_registered,
A000126,政策文件（本省）.zip,政策文件（本省）/待遇处2024-2025年政策文件(1)/待遇处2024-2025年政策文件/（青政办【2021】19号）--青海省医疗救助省级统筹实施方案(1).pdf,（青政办【2021】19号）--青海省医疗救助省级统筹实施方案(1).pdf,.pdf,569265,zip:0b8290900ee41deed863adab647f7edcf9b718f7370d5da9be77975a8c251c04:2310229638,policy_document,rag_knowledge_base,no,raw_registered,
A000127,政策文件（本省）.zip,政策文件（本省）/待遇处2024-2025年政策文件(1)/待遇处2024-2025年政策文件/（青政办【2022】】41号）--关于印发健全重特大疾病医疗保险和救助制度实施方案的通知.pdf,（青政办【2022】】41号）--关于印发健全重特大疾病医疗保险和救助制度实施方案的通知.pdf,.pdf,2853520,zip:0b8290900ee41deed863adab647f7edcf9b718f7370d5da9be77975a8c251c04:1903768954,policy_document,rag_knowledge_base,no,raw_registered,
A000128,政策文件（本省）.zip,政策文件（本省）/协议（经办）/,协议（经办）,,0,0b8290900ee41deed863adab647f7edcf9b718f7370d5da9be77975a8c251c04,directory,asset_manifest,no,raw_registered,
A000129,政策文件（本省）.zip,政策文件（本省）/协议（经办）/协议/,协议,,0,0b8290900ee41deed863adab647f7edcf9b718f7370d5da9be77975a8c251c04,directory,asset_manifest,no,raw_registered,
A000130,政策文件（本省）.zip,政策文件（本省）/协议（经办）/协议/附件1：青海省医疗保障定点医疗机构服务协议（2025版）.pdf,附件1：青海省医疗保障定点医疗机构服务协议（2025版）.pdf,.pdf,284513,zip:0b8290900ee41deed863adab647f7edcf9b718f7370d5da9be77975a8c251c04:3738965157,policy_document,rag_knowledge_base,no,raw_registered,
A000131,政策文件（本省）.zip,政策文件（本省）/协议（经办）/协议/附件2：青海省医疗保障定点零售药店服务协议（2025版）.pdf,附件2：青海省医疗保障定点零售药店服务协议（2025版）.pdf,.pdf,294346,zip:0b8290900ee41deed863adab647f7edcf9b718f7370d5da9be77975a8c251c04:2371953431,policy_document,rag_knowledge_base,no,raw_registered,
A000132,政策文件（本省）.zip,政策文件（本省）/协议（经办）/协议/青医保局发〔2023〕83号（关于印发青海省医疗保障定点医药机构服务协议（2024版）的通知）.doc,青医保局发〔2023〕83号（关于印发青海省医疗保障定点医药机构服务协议（2024版）的通知）.doc,.doc,231424,zip:0b8290900ee41deed863adab647f7edcf9b718f7370d5da9be77975a8c251c04:484662426,needs_conversion,data_ingestion,yes,needs_convert,
A000133,政策文件（本省）.zip,政策文件（本省）/协议（经办）/协议/青海省医疗保障定点医疗机构服务协议（2025版修订版）.pdf,青海省医疗保障定点医疗机构服务协议（2025版修订版）.pdf,.pdf,285401,zip:0b8290900ee41deed863adab647f7edcf9b718f7370d5da9be77975a8c251c04:66749030,policy_document,rag_knowledge_base,no,raw_registered,
A000134,政策文件（本省）.zip,政策文件（本省）/协议（经办）/协议/青海省医疗保障定点零售药店服务协议（2024版）.pdf,青海省医疗保障定点零售药店服务协议（2024版）.pdf,.pdf,304352,zip:0b8290900ee41deed863adab647f7edcf9b718f7370d5da9be77975a8c251c04:2636400503,policy_document,rag_knowledge_base,no,raw_registered,
A000135,政策文件（本省）.zip,政策文件（本省）/协议（经办）/协议/青海省医疗保障定点零售药店服务协议（2025修订版）.pdf,青海省医疗保障定点零售药店服务协议（2025修订版）.pdf,.pdf,294818,zip:0b8290900ee41deed863adab647f7edcf9b718f7370d5da9be77975a8c251c04:1415495542,policy_document,rag_knowledge_base,no,raw_registered,
A000136,政策文件（本省）.zip,政策文件（本省）/飞检材料（医药服务管理处）/,飞检材料（医药服务管理处）,,0,0b8290900ee41deed863adab647f7edcf9b718f7370d5da9be77975a8c251c04,directory,asset_manifest,no,raw_registered,
A000137,政策文件（本省）.zip,政策文件（本省）/飞检材料（医药服务管理处）/药品目录/,药品目录,,0,0b8290900ee41deed863adab647f7edcf9b718f7370d5da9be77975a8c251c04,directory,asset_manifest,no,raw_registered,
A000138,政策文件（本省）.zip,政策文件（本省）/飞检材料（医药服务管理处）/药品目录/2024/,2024,,0,0b8290900ee41deed863adab647f7edcf9b718f7370d5da9be77975a8c251c04,directory,asset_manifest,no,raw_registered,
A000139,政策文件（本省）.zip,政策文件（本省）/飞检材料（医药服务管理处）/药品目录/2024/青医保办发〔2024〕12号（关于同意对海南州285种藏（蒙）医医疗机构调剂制剂给予医保支付政策的批复）/,青医保办发〔2024〕12号（关于同意对海南州285种藏（蒙）医医疗机构调剂制剂给予医保支付政策的批复）,,0,0b8290900ee41deed863adab647f7edcf9b718f7370d5da9be77975a8c251c04,directory,asset_manifest,no,raw_registered,
A000140,政策文件（本省）.zip,政策文件（本省）/飞检材料（医药服务管理处）/药品目录/2024/青医保办发〔2024〕12号（关于同意对海南州285种藏（蒙）医医疗机构调剂制剂给予医保支付政策的批复）/附件1-4.xlsx,附件1-4.xlsx,.xlsx,80596,zip:0b8290900ee41deed863adab647f7edcf9b718f7370d5da9be77975a8c251c04:832295121,policy_document,rag_knowledge_base,no,raw_registered,
A000141,政策文件（本省）.zip,政策文件（本省）/飞检材料（医药服务管理处）/药品目录/2024/青医保办发〔2024〕12号（关于同意对海南州285种藏（蒙）医医疗机构调剂制剂给予医保支付政策的批复）/青医保办发〔2024〕12号（关于同意对海南州285种藏（蒙）医医疗机构调剂制剂给予医保支付政策的批复）.docx,青医保办发〔2024〕12号（关于同意对海南州285种藏（蒙）医医疗机构调剂制剂给予医保支付政策的批复）.docx,.docx,14922,zip:0b8290900ee41deed863adab647f7edcf9b718f7370d5da9be77975a8c251c04:1634394215,policy_document,rag_knowledge_base,no,raw_registered,
A000142,政策文件（本省）.zip,政策文件（本省）/飞检材料（医药服务管理处）/药品目录/2024/青医保办发〔2024〕23号（6个谈判药新增规格）不予公开/,青医保办发〔2024〕23号（6个谈判药新增规格）不予公开,,0,0b8290900ee41deed863adab647f7edcf9b718f7370d5da9be77975a8c251c04,directory,asset_manifest,no,raw_registered,
A000143,政策文件（本省）.zip,政策文件（本省）/飞检材料（医药服务管理处）/药品目录/2024/青医保办发〔2024〕23号（6个谈判药新增规格）不予公开/青医保办发23号（6个谈判药新增规格）不予公开.wps,青医保办发23号（6个谈判药新增规格）不予公开.wps,.wps,17920,zip:0b8290900ee41deed863adab647f7edcf9b718f7370d5da9be77975a8c251c04:2699123569,needs_conversion,data_ingestion,yes,needs_convert,
A000144,政策文件（本省）.zip,政策文件（本省）/飞检材料（医药服务管理处）/药品目录/2024/青医保办发〔2024〕36号（关于同意对青海省藏医院161种藏医医疗机构调剂制剂给予医保支付政策的批复）/,青医保办发〔2024〕36号（关于同意对青海省藏医院161种藏医医疗机构调剂制剂给予医保支付政策的批复）,,0,0b8290900ee41deed863adab647f7edcf9b718f7370d5da9be77975a8c251c04,directory,asset_manifest,no,raw_registered,
A000145,政策文件（本省）.zip,政策文件（本省）/飞检材料（医药服务管理处）/药品目录/2024/青医保办发〔2024〕36号（关于同意对青海省藏医院161种藏医医疗机构调剂制剂给予医保支付政策的批复）/青医保办发36号.wps,青医保办发36号.wps,.wps,18944,zip:0b8290900ee41deed863adab647f7edcf9b718f7370d5da9be77975a8c251c04:106327337,needs_conversion,data_ingestion,yes,needs_convert,
A000146,政策文件（本省）.zip,政策文件（本省）/飞检材料（医药服务管理处）/药品目录/2024/青医保办发〔2024〕36号（关于同意对青海省藏医院161种藏医医疗机构调剂制剂给予医保支付政策的批复）/青医保办发36号附件1、2.xlsx,青医保办发36号附件1、2.xlsx,.xlsx,22927,zip:0b8290900ee41deed863adab647f7edcf9b718f7370d5da9be77975a8c251c04:1375348488,policy_document,rag_knowledge_base,no,raw_registered,
A000147,政策文件（本省）.zip,政策文件（本省）/飞检材料（医药服务管理处）/药品目录/2024/青医保办发〔2024〕55号（关于认定部分药品医保目录归属的通知）-不予公开/,青医保办发〔2024〕55号（关于认定部分药品医保目录归属的通知）-不予公开,,0,0b8290900ee41deed863adab647f7edcf9b718f7370d5da9be77975a8c251c04,directory,asset_manifest,no,raw_registered,
A000148,政策文件（本省）.zip,政策文件（本省）/飞检材料（医药服务管理处）/药品目录/2024/青医保办发〔2024〕55号（关于认定部分药品医保目录归属的通知）-不予公开/青医保办发〔2024〕55号（关于认定部分药品医保目录归属的通知）-不予公开.wps,青医保办发〔2024〕55号（关于认定部分药品医保目录归属的通知）-不予公开.wps,.wps,17408,zip:0b8290900ee41deed863adab647f7edcf9b718f7370d5da9be77975a8c251c04:2240786108,needs_conversion,data_ingestion,yes,needs_convert,
A000149,政策文件（本省）.zip,政策文件（本省）/飞检材料（医药服务管理处）/药品目录/2024/青医保办发〔2024〕57号（3个谈判药品新增规格及医保支付标准的通知）—不予公开/,青医保办发〔2024〕57号（3个谈判药品新增规格及医保支付标准的通知）—不予公开,,0,0b8290900ee41deed863adab647f7edcf9b718f7370d5da9be77975a8c251c04,directory,asset_manifest,no,raw_registered,
A000150,政策文件（本省）.zip,政策文件（本省）/飞检材料（医药服务管理处）/药品目录/2024/青医保办发〔2024〕57号（3个谈判药品新增规格及医保支付标准的通知）—不予公开/青医保办发〔2024〕57号（关于复方氨基酸注射液（14AA-SF）等3个药品新增规格及医保支付标准的通知）—不予公开.wps,青医保办发〔2024〕57号（关于复方氨基酸注射液（14AA-SF）等3个药品新增规格及医保支付标准的通知）—不予公开.wps,.wps,16896,zip:0b8290900ee41deed863adab647f7edcf9b718f7370d5da9be77975a8c251c04:3983850179,needs_conversion,data_ingestion,yes,needs_convert,
A000151,政策文件（本省）.zip,政策文件（本省）/飞检材料（医药服务管理处）/药品目录/2024/青医保办发〔2024〕92号（关于确定国家集中带量采购中选品种同通用名药品医保支付标准的通知）/,青医保办发〔2024〕92号（关于确定国家集中带量采购中选品种同通用名药品医保支付标准的通知）,,0,0b8290900ee41deed863adab647f7edcf9b718f7370d5da9be77975a8c251c04,directory,asset_manifest,no,raw_registered,
A000152,政策文件（本省）.zip,政策文件（本省）/飞检材料（医药服务管理处）/药品目录/2024/青医保办发〔2024〕92号（关于确定国家集中带量采购中选品种同通用名药品医保支付标准的通知）/附件.et,附件.et,.et,269312,zip:0b8290900ee41deed863adab647f7edcf9b718f7370d5da9be77975a8c251c04:2608063992,needs_conversion,data_ingestion,yes,needs_convert,
A000153,政策文件（本省）.zip,政策文件（本省）/飞检材料（医药服务管理处）/药品目录/2024/青医保办发〔2024〕92号（关于确定国家集中带量采购中选品种同通用名药品医保支付标准的通知）/青医保办发〔2024〕92号（关于确定国家集中带量采购中选品种同通用名药品医保支付标准的通知）.wps,青医保办发〔2024〕92号（关于确定国家集中带量采购中选品种同通用名药品医保支付标准的通知）.wps,.wps,19456,zip:0b8290900ee41deed863adab647f7edcf9b718f7370d5da9be77975a8c251c04:1637784490,needs_conversion,data_ingestion,yes,needs_convert,
A000154,政策文件（本省）.zip,政策文件（本省）/飞检材料（医药服务管理处）/药品目录/2024/青医保局发〔2023〕81号（关于印发《青海省基本医疗保险、工伤保险和生育保险药品目录（2024年）》的通知）/,青医保局发〔2023〕81号（关于印发《青海省基本医疗保险、工伤保险和生育保险药品目录（2024年）》的通知）,,0,0b8290900ee41deed863adab647f7edcf9b718f7370d5da9be77975a8c251c04,directory,asset_manifest,no,raw_registered,
A000155,政策文件（本省）.zip,政策文件（本省）/飞检材料（医药服务管理处）/药品目录/2024/青医保局发〔2023〕81号（关于印发《青海省基本医疗保险、工伤保险和生育保险药品目录（2024年）》的通知）/1.凡例.docx,1.凡例.docx,.docx,33508,zip:0b8290900ee41deed863adab647f7edcf9b718f7370d5da9be77975a8c251c04:1365330891,policy_document,rag_knowledge_base,no,raw_registered,
A000156,政策文件（本省）.zip,政策文件（本省）/飞检材料（医药服务管理处）/药品目录/2024/青医保局发〔2023〕81号（关于印发《青海省基本医疗保险、工伤保险和生育保险药品目录（2024年）》的通知）/2-4.国家2023年版药品目录（含保密价格）.xlsx,2-4.国家2023年版药品目录（含保密价格）.xlsx,.xlsx,327839,zip:0b8290900ee41deed863adab647f7edcf9b718f7370d5da9be77975a8c251c04:4273127693,policy_document,rag_knowledge_base,no,raw_registered,
A000157,政策文件（本省）.zip,政策文件（本省）/飞检材料（医药服务管理处）/药品目录/2024/青医保局发〔2023〕81号（关于印发《青海省基本医疗保险、工伤保险和生育保险药品目录（2024年）》的通知）/5.中药饮片部分.xls,5.中药饮片部分.xls,.xls,148992,zip:0b8290900ee41deed863adab647f7edcf9b718f7370d5da9be77975a8c251c04:3676967559,policy_document,rag_knowledge_base,no,raw_registered,
A000158,政策文件（本省）.zip,政策文件（本省）/飞检材料（医药服务管理处）/药品目录/2024/青医保局发〔2023〕81号（关于印发《青海省基本医疗保险、工伤保险和生育保险药品目录（2024年）》的通知）/6.青海增补民族药部分.xls,6.青海增补民族药部分.xls,.xls,24576,zip:0b8290900ee41deed863adab647f7edcf9b718f7370d5da9be77975a8c251c04:1059539336,policy_document,rag_knowledge_base,no,raw_registered,
A000159,政策文件（本省）.zip,政策文件（本省）/飞检材料（医药服务管理处）/药品目录/2024/青医保局发〔2023〕81号（关于印发《青海省基本医疗保险、工伤保险和生育保险药品目录（2024年）》的通知）/青医保局发〔2023〕81号（关于印发《青海省基本医疗保险、工伤保险和生育保险药品目录（2024年）》的通知）.docx,青医保局发〔2023〕81号（关于印发《青海省基本医疗保险、工伤保险和生育保险药品目录（2024年）》的通知）.docx,.docx,18778,zip:0b8290900ee41deed863adab647f7edcf9b718f7370d5da9be77975a8c251c04:2405083289,policy_document,rag_knowledge_base,no,raw_registered,
A000160,政策文件（本省）.zip,政策文件（本省）/飞检材料（医药服务管理处）/药品目录/2024/青医保局发〔2023〕82号（关于进一步完善医疗保险特殊药品保障政策的通知）/,青医保局发〔2023〕82号（关于进一步完善医疗保险特殊药品保障政策的通知）,,0,0b8290900ee41deed863adab647f7edcf9b718f7370d5da9be77975a8c251c04,directory,asset_manifest,no,raw_registered,
A000161,政策文件（本省）.zip,政策文件（本省）/飞检材料（医药服务管理处）/药品目录/2024/青医保局发〔2023〕82号（关于进一步完善医疗保险特殊药品保障政策的通知）/附件：青海省医疗保险特殊药品目录（2024版）.xlsx,附件：青海省医疗保险特殊药品目录（2024版）.xlsx,.xlsx,94159,zip:0b8290900ee41deed863adab647f7edcf9b718f7370d5da9be77975a8c251c04:2014212043,policy_document,rag_knowledge_base,no,raw_registered,
A000162,政策文件（本省）.zip,政策文件（本省）/飞检材料（医药服务管理处）/药品目录/2024/青医保局发〔2023〕82号（关于进一步完善医疗保险特殊药品保障政策的通知）/青医保局发〔2023〕82号（关于进一步完善医疗保险特殊药品保障政策的通知）.docx,青医保局发〔2023〕82号（关于进一步完善医疗保险特殊药品保障政策的通知）.docx,.docx,18591,zip:0b8290900ee41deed863adab647f7edcf9b718f7370d5da9be77975a8c251c04:3035481742,policy_document,rag_knowledge_base,no,raw_registered,
A000163,政策文件（本省）.zip,政策文件（本省）/飞检材料（医药服务管理处）/药品目录/2025/,2025,,0,0b8290900ee41deed863adab647f7edcf9b718f7370d5da9be77975a8c251c04,directory,asset_manifest,no,raw_registered,
A000164,政策文件（本省）.zip,政策文件（本省）/飞检材料（医药服务管理处）/药品目录/2025/青医保局发〔2024〕84号-2025年药品目录/,青医保局发〔2024〕84号-2025年药品目录,,0,0b8290900ee41deed863adab647f7edcf9b718f7370d5da9be77975a8c251c04,directory,asset_manifest,no,raw_registered,
A000165,政策文件（本省）.zip,政策文件（本省）/飞检材料（医药服务管理处）/药品目录/2025/青医保局发〔2024〕84号-2025年药品目录/2025年版药品目录(2024.12.25含保密价格，不予公开).xlsx,2025年版药品目录(2024.12.25含保密价格，不予公开).xlsx,.xlsx,1356128,zip:0b8290900ee41deed863adab647f7edcf9b718f7370d5da9be77975a8c251c04:470201802,policy_document,rag_knowledge_base,no,raw_registered,
A000166,政策文件（本省）.zip,政策文件（本省）/飞检材料（医药服务管理处）/药品目录/2025/青医保局发〔2024〕84号-2025年药品目录/凡例.pdf,凡例.pdf,.pdf,336974,zip:0b8290900ee41deed863adab647f7edcf9b718f7370d5da9be77975a8c251c04:2286559557,policy_document,rag_knowledge_base,no,raw_registered,
A000167,政策文件（本省）.zip,政策文件（本省）/飞检材料（医药服务管理处）/药品目录/2025/青医保局发〔2024〕84号-2025年药品目录/青医保局发〔2024〕84号.wps,青医保局发〔2024〕84号.wps,.wps,26112,zip:0b8290900ee41deed863adab647f7edcf9b718f7370d5da9be77975a8c251c04:23125450,needs_conversion,data_ingestion,yes,needs_convert,
A000168,政策文件（本省）.zip,政策文件（本省）/飞检材料（医药服务管理处）/药品目录/2025/青医保局发〔2024〕85号-关于将部分医疗机构制剂纳入基本医疗保险支付范围的通知/,青医保局发〔2024〕85号-关于将部分医疗机构制剂纳入基本医疗保险支付范围的通知,,0,0b8290900ee41deed863adab647f7edcf9b718f7370d5da9be77975a8c251c04,directory,asset_manifest,no,raw_registered,
A000169,政策文件（本省）.zip,政策文件（本省）/飞检材料（医药服务管理处）/药品目录/2025/青医保局发〔2024〕85号-关于将部分医疗机构制剂纳入基本医疗保险支付范围的通知/青医保局发〔2024〕85号.doc,青医保局发〔2024〕85号.doc,.doc,30720,zip:0b8290900ee41deed863adab647f7edcf9b718f7370d5da9be77975a8c251c04:2263575129,needs_conversion,data_ingestion,yes,needs_convert,
A000170,政策文件（本省）.zip,政策文件（本省）/飞检材料（医药服务管理处）/药品目录/2025/青医保局发〔2024〕85号-关于将部分医疗机构制剂纳入基本医疗保险支付范围的通知/附件.xlsx,附件.xlsx,.xlsx,827264,zip:0b8290900ee41deed863adab647f7edcf9b718f7370d5da9be77975a8c251c04:4141940385,policy_document,rag_knowledge_base,no,raw_registered,
A000171,政策文件（本省）.zip,政策文件（本省）/飞检材料（医药服务管理处）/药品目录/2025/青医保局发〔2024〕85号-关于将部分医疗机构制剂纳入基本医疗保险支付范围的通知/青医保局发〔2024〕85号.pdf,青医保局发〔2024〕85号.pdf,.pdf,1964566,zip:0b8290900ee41deed863adab647f7edcf9b718f7370d5da9be77975a8c251c04:2266070894,policy_document,rag_knowledge_base,no,raw_registered,
A000172,政策文件（本省）.zip,政策文件（本省）/飞检材料（医药服务管理处）/药品目录/2025/青医保办发〔2025〕19号（关于认定部分药品医保目录归属的通知）—不予公开/,青医保办发〔2025〕19号（关于认定部分药品医保目录归属的通知）—不予公开,,0,0b8290900ee41deed863adab647f7edcf9b718f7370d5da9be77975a8c251c04,directory,asset_manifest,no,raw_registered,
A000173,政策文件（本省）.zip,政策文件（本省）/飞检材料（医药服务管理处）/药品目录/2025/青医保办发〔2025〕19号（关于认定部分药品医保目录归属的通知）—不予公开/青医保办发〔2025〕19号（关于认定部分药品医保目录归属的通知）—不予公开.wps,青医保办发〔2025〕19号（关于认定部分药品医保目录归属的通知）—不予公开.wps,.wps,15360,zip:0b8290900ee41deed863adab647f7edcf9b718f7370d5da9be77975a8c251c04:698356051,needs_conversion,data_ingestion,yes,needs_convert,
A000174,政策文件（本省）.zip,政策文件（本省）/飞检材料（医药服务管理处）/药品目录/2025/青医保办发〔2025〕22号（关于转发《国家医疗保障局办公室关于注射用盐酸兰地洛尔等4个药品新增规格及支付标准的通知》的通知）—不予公开/,青医保办发〔2025〕22号（关于转发《国家医疗保障局办公室关于注射用盐酸兰地洛尔等4个药品新增规格及支付标准的通知》的通知）—不予公开,,0,0b8290900ee41deed863adab647f7edcf9b718f7370d5da9be77975a8c251c04,directory,asset_manifest,no,raw_registered,
A000175,政策文件（本省）.zip,政策文件（本省）/飞检材料（医药服务管理处）/药品目录/2025/青医保办发〔2025〕22号（关于转发《国家医疗保障局办公室关于注射用盐酸兰地洛尔等4个药品新增规格及支付标准的通知》的通知）—不予公开/青医保办发〔2025〕22号（关于转发《国家医疗保障局办公室关于注射用盐酸兰地洛尔等4个药品新增规格及支付标准的通知》的通知）—不予公开.wps,青医保办发〔2025〕22号（关于转发《国家医疗保障局办公室关于注射用盐酸兰地洛尔等4个药品新增规格及支付标准的通知》的通知）—不予公开.wps,.wps,14336,zip:0b8290900ee41deed863adab647f7edcf9b718f7370d5da9be77975a8c251c04:635833702,needs_conversion,data_ingestion,yes,needs_convert,
A000176,政策文件（本省）.zip,政策文件（本省）/飞检材料（医药服务管理处）/药品目录/2025/青医保办发〔2025〕22号（关于转发《国家医疗保障局办公室关于注射用盐酸兰地洛尔等4个药品新增规格及支付标准的通知》的通知）—不予公开/医保办函〔2025〕34号（关于注射用盐酸兰地洛尔等4个药品新增规格及支付标准的通知）.pdf,医保办函〔2025〕34号（关于注射用盐酸兰地洛尔等4个药品新增规格及支付标准的通知）.pdf,.pdf,64756,zip:0b8290900ee41deed863adab647f7edcf9b718f7370d5da9be77975a8c251c04:641291812,policy_document,rag_knowledge_base,no,raw_registered,
A000177,政策文件（本省）.zip,政策文件（本省）/飞检材料（医药服务管理处）/药品目录/2025/青医保办发〔2025〕40号（关于拓培非格司亭注射液等2个药品新增规格及医保支付标准的通知—不予公开）/,青医保办发〔2025〕40号（关于拓培非格司亭注射液等2个药品新增规格及医保支付标准的通知—不予公开）,,0,0b8290900ee41deed863adab647f7edcf9b718f7370d5da9be77975a8c251c04,directory,asset_manifest,no,raw_registered,
A000178,政策文件（本省）.zip,政策文件（本省）/飞检材料（医药服务管理处）/药品目录/2025/青医保办发〔2025〕40号（关于拓培非格司亭注射液等2个药品新增规格及医保支付标准的通知—不予公开）/青医保办发〔2025〕40号（关于拓培非格司亭注射液等2个药品新增规格及医保支付标准的通知—不予公开）.wps,青医保办发〔2025〕40号（关于拓培非格司亭注射液等2个药品新增规格及医保支付标准的通知—不予公开）.wps,.wps,16896,zip:0b8290900ee41deed863adab647f7edcf9b718f7370d5da9be77975a8c251c04:2360060852,needs_conversion,data_ingestion,yes,needs_convert,
A000179,政策文件（本省）.zip,政策文件（本省）/飞检材料（医药服务管理处）/药品目录/2025/青医保办发〔2025〕45号）青海省医疗保障局办公室关于将部分医疗机构制剂品种调出医疗机构制剂医保目录的通知/,青医保办发〔2025〕45号）青海省医疗保障局办公室关于将部分医疗机构制剂品种调出医疗机构制剂医保目录的通知,,0,0b8290900ee41deed863adab647f7edcf9b718f7370d5da9be77975a8c251c04,directory,asset_manifest,no,raw_registered,
A000180,政策文件（本省）.zip,政策文件（本省）/飞检材料（医药服务管理处）/药品目录/2025/青医保办发〔2025〕45号）青海省医疗保障局办公室关于将部分医疗机构制剂品种调出医疗机构制剂医保目录的通知/附件1调出医保药品目录制剂目录.et,附件1调出医保药品目录制剂目录.et,.et,39424,zip:0b8290900ee41deed863adab647f7edcf9b718f7370d5da9be77975a8c251c04:2867387960,needs_conversion,data_ingestion,yes,needs_convert,
A000181,政策文件（本省）.zip,政策文件（本省）/飞检材料（医药服务管理处）/药品目录/2025/青医保办发〔2025〕45号）青海省医疗保障局办公室关于将部分医疗机构制剂品种调出医疗机构制剂医保目录的通知/附件2《青海省药品监督管理办公室关于撤销部分医疗机构制剂品种备案号的通知》（青药监办函〔2025〕40号）.pdf,附件2《青海省药品监督管理办公室关于撤销部分医疗机构制剂品种备案号的通知》（青药监办函〔2025〕40号）.pdf,.pdf,3589018,zip:0b8290900ee41deed863adab647f7edcf9b718f7370d5da9be77975a8c251c04:3413161388,policy_document,rag_knowledge_base,no,raw_registered,
A000182,政策文件（本省）.zip,政策文件（本省）/飞检材料（医药服务管理处）/药品目录/2025/青医保办发〔2025〕45号）青海省医疗保障局办公室关于将部分医疗机构制剂品种调出医疗机构制剂医保目录的通知/（青医保办发〔2025〕45号）青海省医疗保障局办公室关于将部分医疗机构制剂品种调出医疗机构制剂医保目录的通知.pdf,（青医保办发〔2025〕45号）青海省医疗保障局办公室关于将部分医疗机构制剂品种调出医疗机构制剂医保目录的通知.pdf,.pdf,10693839,zip:0b8290900ee41deed863adab647f7edcf9b718f7370d5da9be77975a8c251c04:1287316905,policy_document,rag_knowledge_base,no,raw_registered,
A000183,政策文件（本省）.zip,政策文件（本省）/飞检材料（医药服务管理处）/药品目录/2025/青医保办发〔2025〕45号）青海省医疗保障局办公室关于将部分医疗机构制剂品种调出医疗机构制剂医保目录的通知/（青医保办发〔2025〕45号）青海省医疗保障局办公室关于将部分医疗机构制剂品种调出医疗机构制剂医保目录的通知.wps,（青医保办发〔2025〕45号）青海省医疗保障局办公室关于将部分医疗机构制剂品种调出医疗机构制剂医保目录的通知.wps,.wps,19968,zip:0b8290900ee41deed863adab647f7edcf9b718f7370d5da9be77975a8c251c04:603172820,needs_conversion,data_ingestion,yes,needs_convert,
A000184,政策文件（本省）.zip,政策文件（本省）/飞检材料（医药服务管理处）/药品目录/2025/青医保局发〔2023〕24号（关于印发《青海省藏（蒙）医医疗机构制剂医保目录》的通知）/,青医保局发〔2023〕24号（关于印发《青海省藏（蒙）医医疗机构制剂医保目录》的通知）,,0,0b8290900ee41deed863adab647f7edcf9b718f7370d5da9be77975a8c251c04,directory,asset_manifest,no,raw_registered,
A000185,政策文件（本省）.zip,政策文件（本省）/飞检材料（医药服务管理处）/药品目录/2025/青医保局发〔2023〕24号（关于印发《青海省藏（蒙）医医疗机构制剂医保目录》的通知）/附件：青海省藏（蒙）医医疗机构制剂医保目录.xlsx,附件：青海省藏（蒙）医医疗机构制剂医保目录.xlsx,.xlsx,1412424,zip:0b8290900ee41deed863adab647f7edcf9b718f7370d5da9be77975a8c251c04:4146342408,policy_document,rag_knowledge_base,no,raw_registered,
A000186,政策文件（本省）.zip,政策文件（本省）/飞检材料（医药服务管理处）/药品目录/2025/青医保局发〔2023〕24号（关于印发《青海省藏（蒙）医医疗机构制剂医保目录》的通知）/青医保局发〔2023〕24号（关于印发《青海省藏（蒙）医医疗机构制剂医保目录》的通知）.docx,青医保局发〔2023〕24号（关于印发《青海省藏（蒙）医医疗机构制剂医保目录》的通知）.docx,.docx,24252,zip:0b8290900ee41deed863adab647f7edcf9b718f7370d5da9be77975a8c251c04:3753694098,policy_document,rag_knowledge_base,no,raw_registered,
A000187,政策文件（本省）.zip,政策文件（本省）/飞检材料（医药服务管理处）/药品目录/2025/青医保局发〔2023〕52号（关于将中药配方颗粒纳入基本医疗保险、工伤保险和生育保险支付范围的通知）/,青医保局发〔2023〕52号（关于将中药配方颗粒纳入基本医疗保险、工伤保险和生育保险支付范围的通知）,,0,0b8290900ee41deed863adab647f7edcf9b718f7370d5da9be77975a8c251c04,directory,asset_manifest,no,raw_registered,
A000188,政策文件（本省）.zip,政策文件（本省）/飞检材料（医药服务管理处）/药品目录/2025/青医保局发〔2023〕52号（关于将中药配方颗粒纳入基本医疗保险、工伤保险和生育保险支付范围的通知）/青医保局发〔2023〕52号（关于将中药配方颗粒纳入基本医疗保险、工伤保险和生育保险支付范围的通知）.docx,青医保局发〔2023〕52号（关于将中药配方颗粒纳入基本医疗保险、工伤保险和生育保险支付范围的通知）.docx,.docx,16968,zip:0b8290900ee41deed863adab647f7edcf9b718f7370d5da9be77975a8c251c04:2530817775,policy_document,rag_knowledge_base,no,raw_registered,
A000189,政策文件（本省）.zip,政策文件（本省）/飞检材料（医药服务管理处）/药品目录/2025/青医保局发〔2023〕57号（关于将部分藏医医疗机构中药饮片纳人青海省基本医疗保险、工伤保险和生育保险支付范围的通知）/,青医保局发〔2023〕57号（关于将部分藏医医疗机构中药饮片纳人青海省基本医疗保险、工伤保险和生育保险支付范围的通知）,,0,0b8290900ee41deed863adab647f7edcf9b718f7370d5da9be77975a8c251c04,directory,asset_manifest,no,raw_registered,
A000190,政策文件（本省）.zip,政策文件（本省）/飞检材料（医药服务管理处）/药品目录/2025/青医保局发〔2023〕57号（关于将部分藏医医疗机构中药饮片纳人青海省基本医疗保险、工伤保险和生育保险支付范围的通知）/纳入青海省基本医疗保险、工伤保险和生育保险支付范围的藏医医疗机构中药饮片名单.xlsx,纳入青海省基本医疗保险、工伤保险和生育保险支付范围的藏医医疗机构中药饮片名单.xlsx,.xlsx,39283,zip:0b8290900ee41deed863adab647f7edcf9b718f7370d5da9be77975a8c251c04:3384728418,policy_document,rag_knowledge_base,no,raw_registered,
A000191,政策文件（本省）.zip,政策文件（本省）/飞检材料（医药服务管理处）/药品目录/2025/青医保局发〔2023〕57号（关于将部分藏医医疗机构中药饮片纳人青海省基本医疗保险、工伤保险和生育保险支付范围的通知）/青医保局发〔2023〕57号（关于将部分藏医医疗机构中药饮片纳人青海省基本医疗保险、工伤保险和生育保险支付范围的通知）.docx,青医保局发〔2023〕57号（关于将部分藏医医疗机构中药饮片纳人青海省基本医疗保险、工伤保险和生育保险支付范围的通知）.docx,.docx,20086,zip:0b8290900ee41deed863adab647f7edcf9b718f7370d5da9be77975a8c251c04:2814705688,policy_document,rag_knowledge_base,no,raw_registered,
A000192,政策文件（本省）.zip,政策文件（本省）/飞检材料（医药服务管理处）/门诊慢特病用药目录/,门诊慢特病用药目录,,0,0b8290900ee41deed863adab647f7edcf9b718f7370d5da9be77975a8c251c04,directory,asset_manifest,no,raw_registered,
A000193,政策文件（本省）.zip,政策文件（本省）/飞检材料（医药服务管理处）/门诊慢特病用药目录/青医保局发〔2024〕16号（门诊慢特病目录通知）/,青医保局发〔2024〕16号（门诊慢特病目录通知）,,0,0b8290900ee41deed863adab647f7edcf9b718f7370d5da9be77975a8c251c04,directory,asset_manifest,no,raw_registered,
A000194,政策文件（本省）.zip,政策文件（本省）/飞检材料（医药服务管理处）/门诊慢特病用药目录/青医保局发〔2024〕16号（门诊慢特病目录通知）/修改稿（汇总）.xlsx,修改稿（汇总）.xlsx,.xlsx,42194614,zip:0b8290900ee41deed863adab647f7edcf9b718f7370d5da9be77975a8c251c04:246409421,policy_document,rag_knowledge_base,no,raw_registered,
A000195,政策文件（本省）.zip,政策文件（本省）/飞检材料（医药服务管理处）/门诊慢特病用药目录/青医保局发〔2024〕16号（门诊慢特病目录通知）/青医保局发〔2024〕16号（门诊慢特病目录通知）.pdf,青医保局发〔2024〕16号（门诊慢特病目录通知）.pdf,.pdf,648975,zip:0b8290900ee41deed863adab647f7edcf9b718f7370d5da9be77975a8c251c04:3750164330,policy_document,rag_knowledge_base,no,raw_registered,
A000196,政策文件（本省）.zip,政策文件（本省）/飞检材料（医药服务管理处）/门诊慢特病用药目录/青医保局发〔2024〕16号（门诊慢特病目录通知）/青医保局发〔2024〕16号（门诊慢特病目录通知）.wps,青医保局发〔2024〕16号（门诊慢特病目录通知）.wps,.wps,24064,zip:0b8290900ee41deed863adab647f7edcf9b718f7370d5da9be77975a8c251c04:202937696,needs_conversion,data_ingestion,yes,needs_convert,
A000197,政策文件（本省）.zip,政策文件（本省）/飞检材料（医药服务管理处）/门诊慢特病用药目录/青医保局发〔2024〕86号-关于调整医疗保障门诊慢性病特殊病及城乡居民“两病”用药目录的通知/,青医保局发〔2024〕86号-关于调整医疗保障门诊慢性病特殊病及城乡居民“两病”用药目录的通知,,0,0b8290900ee41deed863adab647f7edcf9b718f7370d5da9be77975a8c251c04,directory,asset_manifest,no,raw_registered,
A000198,政策文件（本省）.zip,政策文件（本省）/飞检材料（医药服务管理处）/门诊慢特病用药目录/青医保局发〔2024〕86号-关于调整医疗保障门诊慢性病特殊病及城乡居民“两病”用药目录的通知/附件.xlsx,附件.xlsx,.xlsx,393173,zip:0b8290900ee41deed863adab647f7edcf9b718f7370d5da9be77975a8c251c04:2506632995,policy_document,rag_knowledge_base,no,raw_registered,
A000199,政策文件（本省）.zip,政策文件（本省）/飞检材料（医药服务管理处）/门诊慢特病用药目录/青医保局发〔2024〕86号-关于调整医疗保障门诊慢性病特殊病及城乡居民“两病”用药目录的通知/青医保局发〔2024〕86号.pdf,青医保局发〔2024〕86号.pdf,.pdf,966541,zip:0b8290900ee41deed863adab647f7edcf9b718f7370d5da9be77975a8c251c04:3712557931,policy_document,rag_knowledge_base,no,raw_registered,
A000200,政策文件（本省）.zip,政策文件（本省）/飞检材料（医药服务管理处）/门诊慢特病用药目录/青医保局发〔2024〕86号-关于调整医疗保障门诊慢性病特殊病及城乡居民“两病”用药目录的通知/青医保局发〔2024〕86号.docx,青医保局发〔2024〕86号.docx,.docx,15174,zip:0b8290900ee41deed863adab647f7edcf9b718f7370d5da9be77975a8c251c04:4271785163,policy_document,rag_knowledge_base,no,raw_registered,
A000201,政策文件（本省）.zip,政策文件（本省）/飞检材料（医药服务管理处）/支付方式改革/,支付方式改革,,0,0b8290900ee41deed863adab647f7edcf9b718f7370d5da9be77975a8c251c04,directory,asset_manifest,no,raw_registered,
A000202,政策文件（本省）.zip,政策文件（本省）/飞检材料（医药服务管理处）/支付方式改革/青医保办发〔2024〕69号（关于调整全省按病组和按病种分值付费分组方案的通知）/,青医保办发〔2024〕69号（关于调整全省按病组和按病种分值付费分组方案的通知）,,0,0b8290900ee41deed863adab647f7edcf9b718f7370d5da9be77975a8c251c04,directory,asset_manifest,no,raw_registered,
A000203,政策文件（本省）.zip,政策文件（本省）/飞检材料（医药服务管理处）/支付方式改革/青医保办发〔2024〕69号（关于调整全省按病组和按病种分值付费分组方案的通知）/8.1青海DRG分组方案2.0.xlsx,8.1青海DRG分组方案2.0.xlsx,.xlsx,87197,zip:0b8290900ee41deed863adab647f7edcf9b718f7370d5da9be77975a8c251c04:4135626197,policy_document,rag_knowledge_base,no,raw_registered,
A000204,政策文件（本省）.zip,政策文件（本省）/飞检材料（医药服务管理处）/支付方式改革/青医保办发〔2024〕69号（关于调整全省按病组和按病种分值付费分组方案的通知）/8.1青医保办发〔2024〕69号（关于调整全省按病组和按病种分值付费分组方案的通知）.doc,8.1青医保办发〔2024〕69号（关于调整全省按病组和按病种分值付费分组方案的通知）.doc,.doc,534016,zip:0b8290900ee41deed863adab647f7edcf9b718f7370d5da9be77975a8c251c04:773972255,needs_conversion,data_ingestion,yes,needs_convert,
A000205,政策文件（本省）.zip,政策文件（本省）/飞检材料（医药服务管理处）/支付方式改革/青医保办发〔2024〕69号（关于调整全省按病组和按病种分值付费分组方案的通知）/8.1青医保办发〔2024〕69号（关于调整全省按病组和按病种分值付费分组方案的通知）.pdf,8.1青医保办发〔2024〕69号（关于调整全省按病组和按病种分值付费分组方案的通知）.pdf,.pdf,12425609,zip:0b8290900ee41deed863adab647f7edcf9b718f7370d5da9be77975a8c251c04:2637004262,policy_document,rag_knowledge_base,no,raw_registered,
A000206,政策文件（本省）.zip,政策文件（本省）/飞检材料（医药服务管理处）/支付方式改革/青医保局发〔2024〕67号（开展中藏蒙医日间病房医保结算工作的通知）/,青医保局发〔2024〕67号（开展中藏蒙医日间病房医保结算工作的通知）,,0,0b8290900ee41deed863adab647f7edcf9b718f7370d5da9be77975a8c251c04,directory,asset_manifest,no,raw_registered,
A000207,政策文件（本省）.zip,政策文件（本省）/飞检材料（医药服务管理处）/支付方式改革/青医保局发〔2024〕67号（开展中藏蒙医日间病房医保结算工作的通知）/9.11青医保局发〔2024〕67号（开展中藏蒙医日间病房医保结算工作的通知）.pdf,9.11青医保局发〔2024〕67号（开展中藏蒙医日间病房医保结算工作的通知）.pdf,.pdf,2528358,zip:0b8290900ee41deed863adab647f7edcf9b718f7370d5da9be77975a8c251c04:3787201043,policy_document,rag_knowledge_base,no,raw_registered,
A000208,政策文件（本省）.zip,政策文件（本省）/飞检材料（医药服务管理处）/支付方式改革/青医保局发〔2024〕67号（开展中藏蒙医日间病房医保结算工作的通知）/9.11青医保局发〔2024〕67号（开展中藏蒙医日间病房医保结算工作的通知）.docx,9.11青医保局发〔2024〕67号（开展中藏蒙医日间病房医保结算工作的通知）.docx,.docx,32346,zip:0b8290900ee41deed863adab647f7edcf9b718f7370d5da9be77975a8c251c04:508083030,policy_document,rag_knowledge_base,no,raw_registered,
A000209,政策文件（本省）.zip,政策文件（本省）/飞检材料（医药服务管理处）/支付方式改革/青医保局发〔2024〕65号（关于调整日间手术医保支付政策的通知）/,青医保局发〔2024〕65号（关于调整日间手术医保支付政策的通知）,,0,0b8290900ee41deed863adab647f7edcf9b718f7370d5da9be77975a8c251c04,directory,asset_manifest,no,raw_registered,
A000210,政策文件（本省）.zip,政策文件（本省）/飞检材料（医药服务管理处）/支付方式改革/青医保局发〔2024〕65号（关于调整日间手术医保支付政策的通知）/8.30青医保局发〔2024〕65号（关于调整日间手术医保支付政策的通知）.docx,8.30青医保局发〔2024〕65号（关于调整日间手术医保支付政策的通知）.docx,.docx,40171,zip:0b8290900ee41deed863adab647f7edcf9b718f7370d5da9be77975a8c251c04:1962748294,policy_document,rag_knowledge_base,no,raw_registered,
A000211,政策文件（本省）.zip,政策文件（本省）/飞检材料（医药服务管理处）/支付方式改革/青医保局发〔2024〕65号（关于调整日间手术医保支付政策的通知）/8.30青医保局发〔2024〕65号（关于调整日间手术医保支付政策的通知）.pdf,8.30青医保局发〔2024〕65号（关于调整日间手术医保支付政策的通知）.pdf,.pdf,2346278,zip:0b8290900ee41deed863adab647f7edcf9b718f7370d5da9be77975a8c251c04:4253394088,policy_document,rag_knowledge_base,no,raw_registered,
A000212,政策文件（本省）.zip,政策文件（本省）/飞检材料（医药服务管理处）/支付方式改革/青医保办发〔2025〕11号（关于调整按病组和按病种分值付费有关事项的通知）/,青医保办发〔2025〕11号（关于调整按病组和按病种分值付费有关事项的通知）,,0,0b8290900ee41deed863adab647f7edcf9b718f7370d5da9be77975a8c251c04,directory,asset_manifest,no,raw_registered,
A000213,政策文件（本省）.zip,政策文件（本省）/飞检材料（医药服务管理处）/支付方式改革/青医保办发〔2025〕11号（关于调整按病组和按病种分值付费有关事项的通知）/青医保办发〔2025〕11号（关于调整按病组和按病种分值付费有关事项的通知）.pdf,青医保办发〔2025〕11号（关于调整按病组和按病种分值付费有关事项的通知）.pdf,.pdf,605308,zip:0b8290900ee41deed863adab647f7edcf9b718f7370d5da9be77975a8c251c04:2513219127,policy_document,rag_knowledge_base,no,raw_registered,
A000214,政策文件（本省）.zip,政策文件（本省）/飞检材料（医药服务管理处）/支付方式改革/青医保办发〔2025〕11号（关于调整按病组和按病种分值付费有关事项的通知）/青医保办发〔2025〕11号（关于调整按病组和按病种分值付费有关事项的通知）.wps,青医保办发〔2025〕11号（关于调整按病组和按病种分值付费有关事项的通知）.wps,.wps,14848,zip:0b8290900ee41deed863adab647f7edcf9b718f7370d5da9be77975a8c251c04:22242958,needs_conversion,data_ingestion,yes,needs_convert,
A000215,政策文件（本省）.zip,政策文件（本省）/飞检材料（医药服务管理处）/支付方式改革/青医保办发〔2025〕17号（关于动态调整按病组和病种分值付费费率点值及完善付费政策的通知）/,青医保办发〔2025〕17号（关于动态调整按病组和病种分值付费费率点值及完善付费政策的通知）,,0,0b8290900ee41deed863adab647f7edcf9b718f7370d5da9be77975a8c251c04,directory,asset_manifest,no,raw_registered,
A000216,政策文件（本省）.zip,政策文件（本省）/飞检材料（医药服务管理处）/支付方式改革/青医保办发〔2025〕17号（关于动态调整按病组和病种分值付费费率点值及完善付费政策的通知）/青医保办发〔2025〕17号（关于动态调整按病组和病种分值付费费率点值及完善付费政策的通知）.pdf,青医保办发〔2025〕17号（关于动态调整按病组和病种分值付费费率点值及完善付费政策的通知）.pdf,.pdf,576281,zip:0b8290900ee41deed863adab647f7edcf9b718f7370d5da9be77975a8c251c04:1685911466,policy_document,rag_knowledge_base,no,raw_registered,
A000217,政策文件（本省）.zip,政策文件（本省）/飞检材料（医药服务管理处）/支付方式改革/青医保办发〔2025〕17号（关于动态调整按病组和病种分值付费费率点值及完善付费政策的通知）/青医保办发〔2025〕17号（关于动态调整按病组和病种分值付费费率点值及完善付费政策的通知）.wps,青医保办发〔2025〕17号（关于动态调整按病组和病种分值付费费率点值及完善付费政策的通知）.wps,.wps,21504,zip:0b8290900ee41deed863adab647f7edcf9b718f7370d5da9be77975a8c251c04:2528656597,needs_conversion,data_ingestion,yes,needs_convert,
A000218,政策文件（本省）.zip,政策文件（本省）/飞检材料（医药服务管理处）/支付方式改革/青医保办发〔2025〕41号（关于调整按病种付费有关政策的通知）/,青医保办发〔2025〕41号（关于调整按病种付费有关政策的通知）,,0,0b8290900ee41deed863adab647f7edcf9b718f7370d5da9be77975a8c251c04,directory,asset_manifest,no,raw_registered,
A000219,政策文件（本省）.zip,政策文件（本省）/飞检材料（医药服务管理处）/支付方式改革/青医保办发〔2025〕41号（关于调整按病种付费有关政策的通知）/青医保办发〔2025〕41号（关于调整按病种付费有关政策的通知）.wps,青医保办发〔2025〕41号（关于调整按病种付费有关政策的通知）.wps,.wps,15872,zip:0b8290900ee41deed863adab647f7edcf9b718f7370d5da9be77975a8c251c04:1538093519,needs_conversion,data_ingestion,yes,needs_convert,
A000220,政策文件（本省）.zip,政策文件（本省）/飞检材料（医药服务管理处）/支付方式改革/青医保办发〔2025〕41号（关于调整按病种付费有关政策的通知）/青医保办发〔2025〕41号（关于调整按病种付费有关政策的通知）.pdf,青医保办发〔2025〕41号（关于调整按病种付费有关政策的通知）.pdf,.pdf,558071,zip:0b8290900ee41deed863adab647f7edcf9b718f7370d5da9be77975a8c251c04:2996419670,policy_document,rag_knowledge_base,no,raw_registered,
A000221,政策文件（本省）.zip,政策文件（本省）/飞检材料（医药服务管理处）/医疗服务价格、耗材/,医疗服务价格、耗材,,0,0b8290900ee41deed863adab647f7edcf9b718f7370d5da9be77975a8c251c04,directory,asset_manifest,no,raw_registered,
A000222,政策文件（本省）.zip,政策文件（本省）/飞检材料（医药服务管理处）/医疗服务价格、耗材/诊疗项目目录（合并且更新到2026.6.1）(1).xlsx,诊疗项目目录（合并且更新到2026.6.1）(1).xlsx,.xlsx,4107067,zip:0b8290900ee41deed863adab647f7edcf9b718f7370d5da9be77975a8c251c04:147358023,project_catalog_or_price,data_ingestion,no,raw_registered,
A000223,政策文件（本省）.zip,政策文件（本省）/飞检材料（医药服务管理处）/医疗服务价格、耗材/青医保局发〔2024〕25号（关于将部分治疗性辅助生殖类医疗项目纳入医保范围的通知）/,青医保局发〔2024〕25号（关于将部分治疗性辅助生殖类医疗项目纳入医保范围的通知）,,0,0b8290900ee41deed863adab647f7edcf9b718f7370d5da9be77975a8c251c04,directory,asset_manifest,no,raw_registered,
A000224,政策文件（本省）.zip,政策文件（本省）/飞检材料（医药服务管理处）/医疗服务价格、耗材/青医保局发〔2024〕25号（关于将部分治疗性辅助生殖类医疗项目纳入医保范围的通知）/青医保局发〔2024〕25号（关于将部分治疗性辅助生殖类医疗项目纳入医保范围的通知）.docx,青医保局发〔2024〕25号（关于将部分治疗性辅助生殖类医疗项目纳入医保范围的通知）.docx,.docx,25752,zip:0b8290900ee41deed863adab647f7edcf9b718f7370d5da9be77975a8c251c04:2433537456,project_catalog_or_price,data_ingestion,no,raw_registered,
A000225,政策文件（本省）.zip,政策文件（本省）/飞检材料（医药服务管理处）/医疗服务价格、耗材/青医保局发〔2024〕25号（关于将部分治疗性辅助生殖类医疗项目纳入医保范围的通知）/青医保局发〔2024〕25号（关于将部分治疗性辅助生殖类医疗项目纳入医保范围的通知）.pdf,青医保局发〔2024〕25号（关于将部分治疗性辅助生殖类医疗项目纳入医保范围的通知）.pdf,.pdf,1527551,zip:0b8290900ee41deed863adab647f7edcf9b718f7370d5da9be77975a8c251c04:2111246376,project_catalog_or_price,data_ingestion,no,raw_registered,
A000226,政策文件（本省）.zip,政策文件（本省）/飞检材料（医药服务管理处）/医疗服务价格、耗材/青医保局发〔2024〕50号（关于将部分医疗服务项目及医用耗材纳入医保支付范围的通知）/,青医保局发〔2024〕50号（关于将部分医疗服务项目及医用耗材纳入医保支付范围的通知）,,0,0b8290900ee41deed863adab647f7edcf9b718f7370d5da9be77975a8c251c04,directory,asset_manifest,no,raw_registered,
A000227,政策文件（本省）.zip,政策文件（本省）/飞检材料（医药服务管理处）/医疗服务价格、耗材/青医保局发〔2024〕50号（关于将部分医疗服务项目及医用耗材纳入医保支付范围的通知）/附件：纳入医保支付范围的医疗服务项目及医用耗材.xls,附件：纳入医保支付范围的医疗服务项目及医用耗材.xls,.xls,636416,zip:0b8290900ee41deed863adab647f7edcf9b718f7370d5da9be77975a8c251c04:2401754541,project_catalog_or_price,data_ingestion,no,raw_registered,
A000228,政策文件（本省）.zip,政策文件（本省）/飞检材料（医药服务管理处）/医疗服务价格、耗材/青医保局发〔2024〕50号（关于将部分医疗服务项目及医用耗材纳入医保支付范围的通知）/青医保局发〔2024〕50号（关于将部分医疗服务项目及医用耗材纳入医保支付范围的通知）.docx,青医保局发〔2024〕50号（关于将部分医疗服务项目及医用耗材纳入医保支付范围的通知）.docx,.docx,19109,zip:0b8290900ee41deed863adab647f7edcf9b718f7370d5da9be77975a8c251c04:1942649732,project_catalog_or_price,data_ingestion,no,raw_registered,
A000229,政策文件（本省）.zip,政策文件（本省）/飞检材料（医药服务管理处）/医疗服务价格、耗材/青医保局发〔2024〕50号（关于将部分医疗服务项目及医用耗材纳入医保支付范围的通知）/青医保局发〔2024〕50号（关于将部分医疗服务项目及医用耗材纳入医保支付范围的通知）.pdf,青医保局发〔2024〕50号（关于将部分医疗服务项目及医用耗材纳入医保支付范围的通知）.pdf,.pdf,7743050,zip:0b8290900ee41deed863adab647f7edcf9b718f7370d5da9be77975a8c251c04:715854243,project_catalog_or_price,data_ingestion,no,raw_registered,
A000230,政策文件（本省）.zip,政策文件（本省）/飞检材料（医药服务管理处）/医疗服务价格、耗材/2024年/,2024年,,0,0b8290900ee41deed863adab647f7edcf9b718f7370d5da9be77975a8c251c04,directory,asset_manifest,no,raw_registered,
A000231,政策文件（本省）.zip,政策文件（本省）/飞检材料（医药服务管理处）/医疗服务价格、耗材/2024年/青医保局函 2024 200号/,青医保局函 2024 200号,,0,0b8290900ee41deed863adab647f7edcf9b718f7370d5da9be77975a8c251c04,directory,asset_manifest,no,raw_registered,
A000232,政策文件（本省）.zip,政策文件（本省）/飞检材料（医药服务管理处）/医疗服务价格、耗材/2024年/青医保局函 2024 200号/关于调整三十一项检验类医疗服务价格项目的通知(1).docx,关于调整三十一项检验类医疗服务价格项目的通知(1).docx,.docx,186636,zip:0b8290900ee41deed863adab647f7edcf9b718f7370d5da9be77975a8c251c04:2435957385,project_catalog_or_price,data_ingestion,no,raw_registered,
A000233,政策文件（本省）.zip,政策文件（本省）/飞检材料（医药服务管理处）/医疗服务价格、耗材/2024年/青医保局函 2024 200号/糖类抗原等(2).xlsx发文共36(2).xlsx,糖类抗原等(2).xlsx发文共36(2).xlsx,.xlsx,1377308,zip:0b8290900ee41deed863adab647f7edcf9b718f7370d5da9be77975a8c251c04:3969918257,project_catalog_or_price,data_ingestion,no,raw_registered,
A000234,政策文件（本省）.zip,政策文件（本省）/飞检材料（医药服务管理处）/医疗服务价格、耗材/2024年/青医保局函 2024 200号/青海省医疗保障局关于调整三十一项检验类医疗服务价格项目的通知.pdf,青海省医疗保障局关于调整三十一项检验类医疗服务价格项目的通知.pdf,.pdf,2424811,zip:0b8290900ee41deed863adab647f7edcf9b718f7370d5da9be77975a8c251c04:265882989,project_catalog_or_price,data_ingestion,no,raw_registered,
A000235,政策文件（本省）.zip,政策文件（本省）/飞检材料（医药服务管理处）/医疗服务价格、耗材/2024年/青医保局函 2024 210号/,青医保局函 2024 210号,,0,0b8290900ee41deed863adab647f7edcf9b718f7370d5da9be77975a8c251c04,directory,asset_manifest,no,raw_registered,
A000236,政策文件（本省）.zip,政策文件（本省）/飞检材料（医药服务管理处）/医疗服务价格、耗材/2024年/青医保局函 2024 210号/关于调整静脉置管术等医疗服务价格项目的通知(1).docx,关于调整静脉置管术等医疗服务价格项目的通知(1).docx,.docx,188493,zip:0b8290900ee41deed863adab647f7edcf9b718f7370d5da9be77975a8c251c04:3353386816,project_catalog_or_price,data_ingestion,no,raw_registered,
A000237,政策文件（本省）.zip,政策文件（本省）/飞检材料（医药服务管理处）/医疗服务价格、耗材/2024年/青医保局函 2024 210号/发文附件.xlsx,发文附件.xlsx,.xlsx,17757,zip:0b8290900ee41deed863adab647f7edcf9b718f7370d5da9be77975a8c251c04:54872846,project_catalog_or_price,data_ingestion,no,raw_registered,
A000238,政策文件（本省）.zip,政策文件（本省）/飞检材料（医药服务管理处）/医疗服务价格、耗材/2024年/青医保局函 2024 210号/青海省医疗保障局关于调整静脉置管术等5项医疗服务价格项目的通知.pdf,青海省医疗保障局关于调整静脉置管术等5项医疗服务价格项目的通知.pdf,.pdf,998074,zip:0b8290900ee41deed863adab647f7edcf9b718f7370d5da9be77975a8c251c04:2868066784,project_catalog_or_price,data_ingestion,no,raw_registered,
A000239,政策文件（本省）.zip,政策文件（本省）/飞检材料（医药服务管理处）/医疗服务价格、耗材/2024年/青医保局函 2024 227号/,青医保局函 2024 227号,,0,0b8290900ee41deed863adab647f7edcf9b718f7370d5da9be77975a8c251c04,directory,asset_manifest,no,raw_registered,
A000240,政策文件（本省）.zip,政策文件（本省）/飞检材料（医药服务管理处）/医疗服务价格、耗材/2024年/青医保局函 2024 227号/关于调整血液光量子医疗服务价格项目的通知(1).docx,关于调整血液光量子医疗服务价格项目的通知(1).docx,.docx,185757,zip:0b8290900ee41deed863adab647f7edcf9b718f7370d5da9be77975a8c251c04:1549079278,project_catalog_or_price,data_ingestion,no,raw_registered,
A000241,政策文件（本省）.zip,政策文件（本省）/飞检材料（医药服务管理处）/医疗服务价格、耗材/2024年/青医保局函 2024 227号/血液光量子.xlsx,血液光量子.xlsx,.xlsx,11045,zip:0b8290900ee41deed863adab647f7edcf9b718f7370d5da9be77975a8c251c04:4214255662,project_catalog_or_price,data_ingestion,no,raw_registered,
A000242,政策文件（本省）.zip,政策文件（本省）/飞检材料（医药服务管理处）/医疗服务价格、耗材/2024年/青医保局函 2024 227号/附件血液光量子照射治疗医疗服务项目价格调整目录.xlsx,附件血液光量子照射治疗医疗服务项目价格调整目录.xlsx,.xlsx,11142,zip:0b8290900ee41deed863adab647f7edcf9b718f7370d5da9be77975a8c251c04:1869394832,project_catalog_or_price,data_ingestion,no,raw_registered,
A000243,政策文件（本省）.zip,政策文件（本省）/飞检材料（医药服务管理处）/医疗服务价格、耗材/2024年/青医保局函 2024 227号/青海省医疗保障局关于调整血液光量子照射治疗医疗服务价格项目的通知.pdf,青海省医疗保障局关于调整血液光量子照射治疗医疗服务价格项目的通知.pdf,.pdf,775627,zip:0b8290900ee41deed863adab647f7edcf9b718f7370d5da9be77975a8c251c04:748906052,project_catalog_or_price,data_ingestion,no,raw_registered,
A000244,政策文件（本省）.zip,政策文件（本省）/飞检材料（医药服务管理处）/医疗服务价格、耗材/2024年/青医保局发2024 15号/,青医保局发2024 15号,,0,0b8290900ee41deed863adab647f7edcf9b718f7370d5da9be77975a8c251c04,directory,asset_manifest,no,raw_registered,
A000245,政策文件（本省）.zip,政策文件（本省）/飞检材料（医药服务管理处）/医疗服务价格、耗材/2024年/青医保局发2024 15号/15号标记版.xlsx,15号标记版.xlsx,.xlsx,48473,zip:0b8290900ee41deed863adab647f7edcf9b718f7370d5da9be77975a8c251c04:3097823278,project_catalog_or_price,data_ingestion,no,raw_registered,
A000246,政策文件（本省）.zip,政策文件（本省）/飞检材料（医药服务管理处）/医疗服务价格、耗材/2024年/青医保局发2024 15号/关于新增和修订部分医疗服务价格项目的通知.docx,关于新增和修订部分医疗服务价格项目的通知.docx,.docx,181599,zip:0b8290900ee41deed863adab647f7edcf9b718f7370d5da9be77975a8c251c04:2847326849,project_catalog_or_price,data_ingestion,no,raw_registered,
A000247,政策文件（本省）.zip,政策文件（本省）/飞检材料（医药服务管理处）/医疗服务价格、耗材/2024年/青医保局发2024 15号/关于调整“辅助生殖”等142项医疗服务价格项目的通知.pdf,关于调整“辅助生殖”等142项医疗服务价格项目的通知.pdf,.pdf,895815,zip:0b8290900ee41deed863adab647f7edcf9b718f7370d5da9be77975a8c251c04:1772386651,project_catalog_or_price,data_ingestion,no,raw_registered,
A000248,政策文件（本省）.zip,政策文件（本省）/飞检材料（医药服务管理处）/医疗服务价格、耗材/2024年/青医保局发2024 15号/附件1.2.xlsx,附件1.2.xlsx,.xlsx,42479,zip:0b8290900ee41deed863adab647f7edcf9b718f7370d5da9be77975a8c251c04:2109193025,project_catalog_or_price,data_ingestion,no,raw_registered,
A000249,政策文件（本省）.zip,政策文件（本省）/飞检材料（医药服务管理处）/医疗服务价格、耗材/2024年/青医保局发2024 21号/,青医保局发2024 21号,,0,0b8290900ee41deed863adab647f7edcf9b718f7370d5da9be77975a8c251c04,directory,asset_manifest,no,raw_registered,
A000250,政策文件（本省）.zip,政策文件（本省）/飞检材料（医药服务管理处）/医疗服务价格、耗材/2024年/青医保局发2024 21号/关于公布2024版青海省公立医疗机构医疗服务价格汇总表的通知.docx,关于公布2024版青海省公立医疗机构医疗服务价格汇总表的通知.docx,.docx,168791,zip:0b8290900ee41deed863adab647f7edcf9b718f7370d5da9be77975a8c251c04:953948044,project_catalog_or_price,data_ingestion,no,raw_registered,
A000251,政策文件（本省）.zip,政策文件（本省）/飞检材料（医药服务管理处）/医疗服务价格、耗材/2024年/青医保局发2024 21号/青海省公立医疗机构医疗服务价格汇总表（2024版）.xls,青海省公立医疗机构医疗服务价格汇总表（2024版）.xls,.xls,3948544,zip:0b8290900ee41deed863adab647f7edcf9b718f7370d5da9be77975a8c251c04:1578268948,project_catalog_or_price,data_ingestion,no,raw_registered,
A000252,政策文件（本省）.zip,政策文件（本省）/飞检材料（医药服务管理处）/医疗服务价格、耗材/2024年/青医保局发2024 21号/青海省医疗保障局关于公布2024版青海省公立医疗机构医疗服务价格汇总表的通知.pdf,青海省医疗保障局关于公布2024版青海省公立医疗机构医疗服务价格汇总表的通知.pdf,.pdf,390811,zip:0b8290900ee41deed863adab647f7edcf9b718f7370d5da9be77975a8c251c04:3081975603,project_catalog_or_price,data_ingestion,no,raw_registered,
A000253,政策文件（本省）.zip,政策文件（本省）/飞检材料（医药服务管理处）/医疗服务价格、耗材/2024年/青医保局发2024 62号/,青医保局发2024 62号,,0,0b8290900ee41deed863adab647f7edcf9b718f7370d5da9be77975a8c251c04,directory,asset_manifest,no,raw_registered,
A000254,政策文件（本省）.zip,政策文件（本省）/飞检材料（医药服务管理处）/医疗服务价格、耗材/2024年/青医保局发2024 62号/青医保局发62号.pdf,青医保局发62号.pdf,.pdf,885196,zip:0b8290900ee41deed863adab647f7edcf9b718f7370d5da9be77975a8c251c04:4249733068,project_catalog_or_price,data_ingestion,no,raw_registered,
A000255,政策文件（本省）.zip,政策文件（本省）/飞检材料（医药服务管理处）/医疗服务价格、耗材/2024年/青医保局发2024 62号/青海省新增医疗服务价格项目申报材料.doc,青海省新增医疗服务价格项目申报材料.doc,.doc,444448,zip:0b8290900ee41deed863adab647f7edcf9b718f7370d5da9be77975a8c251c04:3614104890,project_catalog_or_price,data_ingestion,yes,needs_convert,
A000256,政策文件（本省）.zip,政策文件（本省）/飞检材料（医药服务管理处）/医疗服务价格、耗材/2024年/青医保局发2024 62号/青海省新增医疗服务价格项目管理办法 .docx,青海省新增医疗服务价格项目管理办法 .docx,.docx,284718,zip:0b8290900ee41deed863adab647f7edcf9b718f7370d5da9be77975a8c251c04:886955608,project_catalog_or_price,data_ingestion,no,raw_registered,
A000257,政策文件（本省）.zip,政策文件（本省）/飞检材料（医药服务管理处）/医疗服务价格、耗材/2024年/青医保局发2024 68.69/,青医保局发2024 68.69,.69,0,0b8290900ee41deed863adab647f7edcf9b718f7370d5da9be77975a8c251c04,project_catalog_or_price,data_ingestion,no,raw_registered,
A000258,政策文件（本省）.zip,政策文件（本省）/飞检材料（医药服务管理处）/医疗服务价格、耗材/2024年/青医保局发2024 68.69/68号文.pdf,68号文.pdf,.pdf,551959,zip:0b8290900ee41deed863adab647f7edcf9b718f7370d5da9be77975a8c251c04:850967500,project_catalog_or_price,data_ingestion,no,raw_registered,
A000259,政策文件（本省）.zip,政策文件（本省）/飞检材料（医药服务管理处）/医疗服务价格、耗材/2024年/青医保局发2024 68.69/69号文.pdf,69号文.pdf,.pdf,572300,zip:0b8290900ee41deed863adab647f7edcf9b718f7370d5da9be77975a8c251c04:3593912393,project_catalog_or_price,data_ingestion,no,raw_registered,
A000260,政策文件（本省）.zip,政策文件（本省）/飞检材料（医药服务管理处）/医疗服务价格、耗材/2024年/青医保局发2024 68.69/勘误407项内容对比表.xlsx,勘误407项内容对比表.xlsx,.xlsx,105248,zip:0b8290900ee41deed863adab647f7edcf9b718f7370d5da9be77975a8c251c04:2294798700,project_catalog_or_price,data_ingestion,no,raw_registered,
A000261,政策文件（本省）.zip,政策文件（本省）/飞检材料（医药服务管理处）/医疗服务价格、耗材/2024年/青医保局发2024 73号/,青医保局发2024 73号,,0,0b8290900ee41deed863adab647f7edcf9b718f7370d5da9be77975a8c251c04,directory,asset_manifest,no,raw_registered,
A000262,政策文件（本省）.zip,政策文件（本省）/飞检材料（医药服务管理处）/医疗服务价格、耗材/2024年/青医保局发2024 73号/关于调整四项检验类医疗服务价格项目的通知.docx,关于调整四项检验类医疗服务价格项目的通知.docx,.docx,174722,zip:0b8290900ee41deed863adab647f7edcf9b718f7370d5da9be77975a8c251c04:2394261701,project_catalog_or_price,data_ingestion,no,raw_registered,
A000263,政策文件（本省）.zip,政策文件（本省）/飞检材料（医药服务管理处）/医疗服务价格、耗材/2024年/青医保局发2024 73号/附件.xls,附件.xls,.xls,21504,zip:0b8290900ee41deed863adab647f7edcf9b718f7370d5da9be77975a8c251c04:177589963,project_catalog_or_price,data_ingestion,no,raw_registered,
A000264,政策文件（本省）.zip,政策文件（本省）/飞检材料（医药服务管理处）/医疗服务价格、耗材/2024年/青医保局发2024 73号/青海省医保局关于调整四项检查检验类医疗服务价格项目的通知（青医保局发〔2024〕73号）.pdf,青海省医保局关于调整四项检查检验类医疗服务价格项目的通知（青医保局发〔2024〕73号）.pdf,.pdf,927469,zip:0b8290900ee41deed863adab647f7edcf9b718f7370d5da9be77975a8c251c04:1805381256,project_catalog_or_price,data_ingestion,no,raw_registered,
A000265,政策文件（本省）.zip,政策文件（本省）/飞检材料（医药服务管理处）/医疗服务价格、耗材/2025年/,2025年,,0,0b8290900ee41deed863adab647f7edcf9b718f7370d5da9be77975a8c251c04,directory,asset_manifest,no,raw_registered,
A000266,政策文件（本省）.zip,政策文件（本省）/飞检材料（医药服务管理处）/医疗服务价格、耗材/2025年/青医保局函 2025 60号/,青医保局函 2025 60号,,0,0b8290900ee41deed863adab647f7edcf9b718f7370d5da9be77975a8c251c04,directory,asset_manifest,no,raw_registered,
A000267,政策文件（本省）.zip,政策文件（本省）/飞检材料（医药服务管理处）/医疗服务价格、耗材/2025年/青医保局函 2025 60号/关于调整放射检查类等医疗服务价格项目及医保支付类别的补充通知.doc,关于调整放射检查类等医疗服务价格项目及医保支付类别的补充通知.doc,.doc,183808,zip:0b8290900ee41deed863adab647f7edcf9b718f7370d5da9be77975a8c251c04:4114408160,project_catalog_or_price,data_ingestion,yes,needs_convert,
A000268,政策文件（本省）.zip,政策文件（本省）/飞检材料（医药服务管理处）/医疗服务价格、耗材/2025年/青医保局函 2025 60号/青海省医疗保障局《关于调整放射检查等医疗服务价格项目及医保支付类别的通知》的补充通知.pdf,青海省医疗保障局《关于调整放射检查等医疗服务价格项目及医保支付类别的通知》的补充通知.pdf,.pdf,1215487,zip:0b8290900ee41deed863adab647f7edcf9b718f7370d5da9be77975a8c251c04:1005048606,project_catalog_or_price,data_ingestion,no,raw_registered,
A000269,政策文件（本省）.zip,政策文件（本省）/飞检材料（医药服务管理处）/医疗服务价格、耗材/2025年/青医保局发2025 12号/,青医保局发2025 12号,,0,0b8290900ee41deed863adab647f7edcf9b718f7370d5da9be77975a8c251c04,directory,asset_manifest,no,raw_registered,
A000270,政策文件（本省）.zip,政策文件（本省）/飞检材料（医药服务管理处）/医疗服务价格、耗材/2025年/青医保局发2025 12号/产科发文(1)(1)(3).xlsx,产科发文(1)(1)(3).xlsx,.xlsx,27255,zip:0b8290900ee41deed863adab647f7edcf9b718f7370d5da9be77975a8c251c04:3947720114,project_catalog_or_price,data_ingestion,no,raw_registered,
A000271,政策文件（本省）.zip,政策文件（本省）/飞检材料（医药服务管理处）/医疗服务价格、耗材/2025年/青医保局发2025 12号/关于公布产科类医疗服务价格通知(1).docx1(2).docx,关于公布产科类医疗服务价格通知(1).docx1(2).docx,.docx,187442,zip:0b8290900ee41deed863adab647f7edcf9b718f7370d5da9be77975a8c251c04:2739874257,project_catalog_or_price,data_ingestion,no,raw_registered,
A000272,政策文件（本省）.zip,政策文件（本省）/飞检材料（医药服务管理处）/医疗服务价格、耗材/2025年/青医保局发2025 12号/关于调整产科类等医疗服务价格项目及医保支付类别的通知3.12.pdf,关于调整产科类等医疗服务价格项目及医保支付类别的通知3.12.pdf,.pdf,6012594,zip:0b8290900ee41deed863adab647f7edcf9b718f7370d5da9be77975a8c251c04:3066498572,project_catalog_or_price,data_ingestion,no,raw_registered,
A000273,政策文件（本省）.zip,政策文件（本省）/飞检材料（医药服务管理处）/医疗服务价格、耗材/2025年/青医保局发2025 23号/,青医保局发2025 23号,,0,0b8290900ee41deed863adab647f7edcf9b718f7370d5da9be77975a8c251c04,directory,asset_manifest,no,raw_registered,
A000274,政策文件（本省）.zip,政策文件（本省）/飞检材料（医药服务管理处）/医疗服务价格、耗材/2025年/青医保局发2025 23号/关于调整放射检查等医疗服务价格项目及医保支付类别的通知.pdf,关于调整放射检查等医疗服务价格项目及医保支付类别的通知.pdf,.pdf,2827594,zip:0b8290900ee41deed863adab647f7edcf9b718f7370d5da9be77975a8c251c04:2353503539,project_catalog_or_price,data_ingestion,no,raw_registered,
A000275,政策文件（本省）.zip,政策文件（本省）/飞检材料（医药服务管理处）/医疗服务价格、耗材/2025年/青医保局发2025 23号/青医保局发23号.docx,青医保局发23号.docx,.docx,200271,zip:0b8290900ee41deed863adab647f7edcf9b718f7370d5da9be77975a8c251c04:757212813,project_catalog_or_price,data_ingestion,no,raw_registered,
A000276,政策文件（本省）.zip,政策文件（本省）/飞检材料（医药服务管理处）/医疗服务价格、耗材/2025年/青医保局发2025 23号/青医保局发23号附件（最终版）.xlsx,青医保局发23号附件（最终版）.xlsx,.xlsx,1841871,zip:0b8290900ee41deed863adab647f7edcf9b718f7370d5da9be77975a8c251c04:2638213640,project_catalog_or_price,data_ingestion,no,raw_registered,
A000277,政策文件（本省）.zip,政策文件（本省）/飞检材料（医药服务管理处）/医疗服务价格、耗材/2025年/青医保局发2025 31号/,青医保局发2025 31号,,0,0b8290900ee41deed863adab647f7edcf9b718f7370d5da9be77975a8c251c04,directory,asset_manifest,no,raw_registered,
A000278,政策文件（本省）.zip,政策文件（本省）/飞检材料（医药服务管理处）/医疗服务价格、耗材/2025年/青医保局发2025 31号/附件1透析类医疗服务价格项目及医保支付类别调整明细表.xlsx,附件1透析类医疗服务价格项目及医保支付类别调整明细表.xlsx,.xlsx,25761,zip:0b8290900ee41deed863adab647f7edcf9b718f7370d5da9be77975a8c251c04:1217263107,project_catalog_or_price,data_ingestion,no,raw_registered,
A000279,政策文件（本省）.zip,政策文件（本省）/飞检材料（医药服务管理处）/医疗服务价格、耗材/2025年/青医保局发2025 31号/附件2青海省透析类医疗服务项目调整说明.xlsx,附件2青海省透析类医疗服务项目调整说明.xlsx,.xlsx,17110,zip:0b8290900ee41deed863adab647f7edcf9b718f7370d5da9be77975a8c251c04:3384647576,project_catalog_or_price,data_ingestion,no,raw_registered,
A000280,政策文件（本省）.zip,政策文件（本省）/飞检材料（医药服务管理处）/医疗服务价格、耗材/2025年/青医保局发2025 31号/青医保局发31号.docx,青医保局发31号.docx,.docx,199995,zip:0b8290900ee41deed863adab647f7edcf9b718f7370d5da9be77975a8c251c04:1437322329,project_catalog_or_price,data_ingestion,no,raw_registered,
A000281,政策文件（本省）.zip,政策文件（本省）/飞检材料（医药服务管理处）/医疗服务价格、耗材/2025年/青医保局发2025 31号/青海省医疗保障局关于调整透析类医疗服务价格项目及医保支付类别的通知.pdf,青海省医疗保障局关于调整透析类医疗服务价格项目及医保支付类别的通知.pdf,.pdf,6358784,zip:0b8290900ee41deed863adab647f7edcf9b718f7370d5da9be77975a8c251c04:3586595571,project_catalog_or_price,data_ingestion,no,raw_registered,
A000282,政策文件（本省）.zip,政策文件（本省）/飞检材料（医药服务管理处）/医疗服务价格、耗材/2025年/青医保局发2025 31号/青海省透析类医疗服务项目价格调整说明(1).pdf,青海省透析类医疗服务项目价格调整说明(1).pdf,.pdf,81955215,zip:0b8290900ee41deed863adab647f7edcf9b718f7370d5da9be77975a8c251c04:4103366654,project_catalog_or_price,data_ingestion,no,raw_registered,
A000283,政策文件（本省）.zip,政策文件（本省）/飞检材料（医药服务管理处）/医疗服务价格、耗材/2025年/青医保局发2025 37号/,青医保局发2025 37号,,0,0b8290900ee41deed863adab647f7edcf9b718f7370d5da9be77975a8c251c04,directory,asset_manifest,no,raw_registered,
A000284,政策文件（本省）.zip,政策文件（本省）/飞检材料（医药服务管理处）/医疗服务价格、耗材/2025年/青医保局发2025 37号/关于开展医疗服务价格治理（第六批）的通知.pdf,关于开展医疗服务价格治理（第六批）的通知.pdf,.pdf,589545,zip:0b8290900ee41deed863adab647f7edcf9b718f7370d5da9be77975a8c251c04:2196700943,project_catalog_or_price,data_ingestion,no,raw_registered,
A000285,政策文件（本省）.zip,政策文件（本省）/飞检材料（医药服务管理处）/医疗服务价格、耗材/2025年/青医保局发2025 37号/关于规范有关医疗服务价格项目的函.pdf,关于规范有关医疗服务价格项目的函.pdf,.pdf,57456,zip:0b8290900ee41deed863adab647f7edcf9b718f7370d5da9be77975a8c251c04:3921817148,project_catalog_or_price,data_ingestion,no,raw_registered,
A000286,政策文件（本省）.zip,政策文件（本省）/飞检材料（医药服务管理处）/医疗服务价格、耗材/2025年/青医保局发2025 37号/结核检测等医疗服务价格项目及医保支付类别调整明细表.xls,结核检测等医疗服务价格项目及医保支付类别调整明细表.xls,.xls,23552,zip:0b8290900ee41deed863adab647f7edcf9b718f7370d5da9be77975a8c251c04:2441035534,project_catalog_or_price,data_ingestion,no,raw_registered,
A000287,政策文件（本省）.zip,政策文件（本省）/飞检材料（医药服务管理处）/医疗服务价格、耗材/2025年/青医保局发2025 37号/青医保局发37号.docx,青医保局发37号.docx,.docx,193856,zip:0b8290900ee41deed863adab647f7edcf9b718f7370d5da9be77975a8c251c04:3341214291,project_catalog_or_price,data_ingestion,no,raw_registered,
A000288,政策文件（本省）.zip,政策文件（本省）/飞检材料（医药服务管理处）/医疗服务价格、耗材/2025年/青医保局发2025 37号/青海省医疗保障局关于调整结核检测等医疗服务价格项目及医保支付类别的通知.pdf,青海省医疗保障局关于调整结核检测等医疗服务价格项目及医保支付类别的通知.pdf,.pdf,1325393,zip:0b8290900ee41deed863adab647f7edcf9b718f7370d5da9be77975a8c251c04:4255642700,project_catalog_or_price,data_ingestion,no,raw_registered,
A000289,政策文件（本省）.zip,政策文件（本省）/飞检材料（医药服务管理处）/医疗服务价格、耗材/2025年/青医保局发2025 38号/,青医保局发2025 38号,,0,0b8290900ee41deed863adab647f7edcf9b718f7370d5da9be77975a8c251c04,directory,asset_manifest,no,raw_registered,
A000290,政策文件（本省）.zip,政策文件（本省）/飞检材料（医药服务管理处）/医疗服务价格、耗材/2025年/青医保局发2025 38号/发文附件.xls,发文附件.xls,.xls,22528,zip:0b8290900ee41deed863adab647f7edcf9b718f7370d5da9be77975a8c251c04:2446674018,project_catalog_or_price,data_ingestion,no,raw_registered,
A000291,政策文件（本省）.zip,政策文件（本省）/飞检材料（医药服务管理处）/医疗服务价格、耗材/2025年/青医保局发2025 38号/青海省医疗保障局关于新增3项藏医医疗服务价格项目的通知.pdf,青海省医疗保障局关于新增3项藏医医疗服务价格项目的通知.pdf,.pdf,874459,zip:0b8290900ee41deed863adab647f7edcf9b718f7370d5da9be77975a8c251c04:2237589579,project_catalog_or_price,data_ingestion,no,raw_registered,
A000292,政策文件（本省）.zip,政策文件（本省）/飞检材料（医药服务管理处）/医疗服务价格、耗材/2025年/青医保局发2025 38号/青海省医疗保障局新增3项藏医医疗服务价格项目的通知.docx,青海省医疗保障局新增3项藏医医疗服务价格项目的通知.docx,.docx,181849,zip:0b8290900ee41deed863adab647f7edcf9b718f7370d5da9be77975a8c251c04:3276305442,project_catalog_or_price,data_ingestion,no,raw_registered,
A000293,政策文件（本省）.zip,政策文件（本省）/飞检材料（医药服务管理处）/医疗服务价格、耗材/2025年/青医保局发2025 3号/,青医保局发2025 3号,,0,0b8290900ee41deed863adab647f7edcf9b718f7370d5da9be77975a8c251c04,directory,asset_manifest,no,raw_registered,
A000294,政策文件（本省）.zip,政策文件（本省）/飞检材料（医药服务管理处）/医疗服务价格、耗材/2025年/青医保局发2025 3号/25青医保局发3（第三页原版无章）.pdf,25青医保局发3（第三页原版无章）.pdf,.pdf,95966,zip:0b8290900ee41deed863adab647f7edcf9b718f7370d5da9be77975a8c251c04:1001390155,project_catalog_or_price,data_ingestion,no,raw_registered,
A000295,政策文件（本省）.zip,政策文件（本省）/飞检材料（医药服务管理处）/医疗服务价格、耗材/2025年/青医保局发2025 3号/青医保局发〔2025〕3号.pdf,青医保局发〔2025〕3号.pdf,.pdf,1399571,zip:0b8290900ee41deed863adab647f7edcf9b718f7370d5da9be77975a8c251c04:65325971,project_catalog_or_price,data_ingestion,no,raw_registered,
A000296,政策文件（本省）.zip,政策文件（本省）/飞检材料（医药服务管理处）/医疗服务价格、耗材/2025年/青医保局发2025 3号/青海省医疗保障局关于调整护理类等医疗服务价格项目的通知（青医保局发〔2025〕3号）.docx,青海省医疗保障局关于调整护理类等医疗服务价格项目的通知（青医保局发〔2025〕3号）.docx,.docx,172960,zip:0b8290900ee41deed863adab647f7edcf9b718f7370d5da9be77975a8c251c04:2456079523,project_catalog_or_price,data_ingestion,no,raw_registered,
A000297,政策文件（本省）.zip,政策文件（本省）/飞检材料（医药服务管理处）/医疗服务价格、耗材/2025年/青医保局发2025 3号/青海省医疗保障局关于调整护理类等医疗服务价格项目的通知（青医保局发〔2025〕3号）.pdf,青海省医疗保障局关于调整护理类等医疗服务价格项目的通知（青医保局发〔2025〕3号）.pdf,.pdf,599713,zip:0b8290900ee41deed863adab647f7edcf9b718f7370d5da9be77975a8c251c04:4127737548,project_catalog_or_price,data_ingestion,no,raw_registered,
A000298,政策文件（本省）.zip,政策文件（本省）/飞检材料（医药服务管理处）/医疗服务价格、耗材/2025年/青医保局发2025 3号/发文附件/,发文附件,,0,0b8290900ee41deed863adab647f7edcf9b718f7370d5da9be77975a8c251c04,directory,asset_manifest,no,raw_registered,
A000299,政策文件（本省）.zip,政策文件（本省）/飞检材料（医药服务管理处）/医疗服务价格、耗材/2025年/青医保局发2025 3号/发文附件/381项修订公示(5)(1).xlsnew.xlsx格式.xlsx,381项修订公示(5)(1).xlsnew.xlsx格式.xlsx,.xlsx,4285871,zip:0b8290900ee41deed863adab647f7edcf9b718f7370d5da9be77975a8c251c04:4032257466,project_catalog_or_price,data_ingestion,no,raw_registered,
A000300,政策文件（本省）.zip,政策文件（本省）/飞检材料（医药服务管理处）/医疗服务价格、耗材/2025年/青医保局发2025 3号/发文附件/附件1护理类医疗服务价格项目及医保支付类别调整明细表.xls,附件1护理类医疗服务价格项目及医保支付类别调整明细表.xls,.xls,3206656,zip:0b8290900ee41deed863adab647f7edcf9b718f7370d5da9be77975a8c251c04:1276253027,project_catalog_or_price,data_ingestion,no,raw_registered,
A000301,政策文件（本省）.zip,政策文件（本省）/飞检材料（医药服务管理处）/医疗服务价格、耗材/2025年/青医保局发2025 3号/发文附件/附件2临床量表类医疗服务价格项目及医保支付类别调整明细表.xls,附件2临床量表类医疗服务价格项目及医保支付类别调整明细表.xls,.xls,76288,zip:0b8290900ee41deed863adab647f7edcf9b718f7370d5da9be77975a8c251c04:4102334808,project_catalog_or_price,data_ingestion,no,raw_registered,
A000302,政策文件（本省）.zip,政策文件（本省）/飞检材料（医药服务管理处）/医疗服务价格、耗材/2025年/青医保局发2025 3号/发文附件/附件3中医针法类医疗服务价格项目及医保支付类别调整明细表.xls,附件3中医针法类医疗服务价格项目及医保支付类别调整明细表.xls,.xls,3207168,zip:0b8290900ee41deed863adab647f7edcf9b718f7370d5da9be77975a8c251c04:3218558552,project_catalog_or_price,data_ingestion,no,raw_registered,
A000303,政策文件（本省）.zip,政策文件（本省）/飞检材料（医药服务管理处）/医疗服务价格、耗材/2025年/青医保局发2025 3号/发文附件/附件4中医外治类医疗服务价格项目及医保支付类别调整明细表.xls,附件4中医外治类医疗服务价格项目及医保支付类别调整明细表.xls,.xls,3207680,zip:0b8290900ee41deed863adab647f7edcf9b718f7370d5da9be77975a8c251c04:2733265270,project_catalog_or_price,data_ingestion,no,raw_registered,
A000304,政策文件（本省）.zip,政策文件（本省）/飞检材料（医药服务管理处）/医疗服务价格、耗材/2025年/青医保局发2025 3号/发文附件/附件5器官移植类医疗服务价格项目及医保支付类别调整明细表.xls,附件5器官移植类医疗服务价格项目及医保支付类别调整明细表.xls,.xls,39424,zip:0b8290900ee41deed863adab647f7edcf9b718f7370d5da9be77975a8c251c04:2038886486,project_catalog_or_price,data_ingestion,no,raw_registered,
A000305,政策文件（本省）.zip,政策文件（本省）/飞检材料（医药服务管理处）/医疗服务价格、耗材/2025年/青医保局发2025 3号/发文附件/附件6修订医疗服务价格项目及医保支付类别明细表.xls,附件6修订医疗服务价格项目及医保支付类别明细表.xls,.xls,52736,zip:0b8290900ee41deed863adab647f7edcf9b718f7370d5da9be77975a8c251c04:1595514300,project_catalog_or_price,data_ingestion,no,raw_registered,
A000306,政策文件（本省）.zip,政策文件（本省）/飞检材料（医药服务管理处）/医疗服务价格、耗材/2025年/青医保局发2025 46号/,青医保局发2025 46号,,0,0b8290900ee41deed863adab647f7edcf9b718f7370d5da9be77975a8c251c04,directory,asset_manifest,no,raw_registered,
A000307,政策文件（本省）.zip,政策文件（本省）/飞检材料（医药服务管理处）/医疗服务价格、耗材/2025年/青医保局发2025 46号/2025年12月17日发文版汇总(1).xlsx,2025年12月17日发文版汇总(1).xlsx,.xlsx,1192652,zip:0b8290900ee41deed863adab647f7edcf9b718f7370d5da9be77975a8c251c04:3892746555,project_catalog_or_price,data_ingestion,no,raw_registered,
A000308,政策文件（本省）.zip,政策文件（本省）/飞检材料（医药服务管理处）/医疗服务价格、耗材/2025年/青医保局发2025 46号/关于调整精神类等医疗服务价格项目及医保支付类别的通知.docx,关于调整精神类等医疗服务价格项目及医保支付类别的通知.docx,.docx,193109,zip:0b8290900ee41deed863adab647f7edcf9b718f7370d5da9be77975a8c251c04:1795327828,project_catalog_or_price,data_ingestion,no,raw_registered,
A000309,政策文件（本省）.zip,政策文件（本省）/飞检材料（医药服务管理处）/医疗服务价格、耗材/2025年/青医保局发2025 46号/青医保局发〔2025〕46号(1).pdf,青医保局发〔2025〕46号(1).pdf,.pdf,6261385,zip:0b8290900ee41deed863adab647f7edcf9b718f7370d5da9be77975a8c251c04:140676365,project_catalog_or_price,data_ingestion,no,raw_registered,
A000310,政策文件（本省）.zip,政策文件（本省）/飞检材料（医药服务管理处）/医疗服务价格、耗材/33批发文稿/,33批发文稿,,0,0b8290900ee41deed863adab647f7edcf9b718f7370d5da9be77975a8c251c04,directory,asset_manifest,no,raw_registered,
A000311,政策文件（本省）.zip,政策文件（本省）/飞检材料（医药服务管理处）/医疗服务价格、耗材/33批发文稿/23青医保局发15 最终印发稿.pdf,23青医保局发15 最终印发稿.pdf,.pdf,895815,zip:0b8290900ee41deed863adab647f7edcf9b718f7370d5da9be77975a8c251c04:1772386651,project_catalog_or_price,data_ingestion,no,raw_registered,
A000312,政策文件（本省）.zip,政策文件（本省）/飞检材料（医药服务管理处）/医疗服务价格、耗材/33批发文稿/23青医保局发51（全）(4).pdf,23青医保局发51（全）(4).pdf,.pdf,985038,zip:0b8290900ee41deed863adab647f7edcf9b718f7370d5da9be77975a8c251c04:233206615,project_catalog_or_price,data_ingestion,no,raw_registered,
A000313,政策文件（本省）.zip,政策文件（本省）/飞检材料（医药服务管理处）/医疗服务价格、耗材/33批发文稿/关于规范全省口腔种植医疗服务项目价格的通知（青医保局发 2023 23号）.pdf,关于规范全省口腔种植医疗服务项目价格的通知（青医保局发 2023 23号）.pdf,.pdf,7333936,zip:0b8290900ee41deed863adab647f7edcf9b718f7370d5da9be77975a8c251c04:3760635044,project_catalog_or_price,data_ingestion,no,raw_registered,
A000314,政策文件（本省）.zip,政策文件（本省）/飞检材料（医药服务管理处）/医疗服务价格、耗材/33批发文稿/关于调整产科类等医疗服务价格项目及医保支付类别的通知3.12(1).pdf,关于调整产科类等医疗服务价格项目及医保支付类别的通知3.12(1).pdf,.pdf,6012594,zip:0b8290900ee41deed863adab647f7edcf9b718f7370d5da9be77975a8c251c04:3066498572,project_catalog_or_price,data_ingestion,no,raw_registered,
A000315,政策文件（本省）.zip,政策文件（本省）/飞检材料（医药服务管理处）/医疗服务价格、耗材/33批发文稿/青医保局发〔2025〕46号.pdf,青医保局发〔2025〕46号.pdf,.pdf,6261385,zip:0b8290900ee41deed863adab647f7edcf9b718f7370d5da9be77975a8c251c04:140676365,project_catalog_or_price,data_ingestion,no,raw_registered,
A000316,政策文件（本省）.zip,政策文件（本省）/飞检材料（医药服务管理处）/医疗服务价格、耗材/33批发文稿/青医保局发〔2026〕9号.pdf,青医保局发〔2026〕9号.pdf,.pdf,3746040,zip:0b8290900ee41deed863adab647f7edcf9b718f7370d5da9be77975a8c251c04:2377491464,project_catalog_or_price,data_ingestion,no,raw_registered,
A000317,政策文件（本省）.zip,政策文件（本省）/飞检材料（医药服务管理处）/医疗服务价格、耗材/33批发文稿/青海省医疗保障局《关于调整放射检查等医疗服务价格项目及医保支付类别的通知》的补充通知.pdf,青海省医疗保障局《关于调整放射检查等医疗服务价格项目及医保支付类别的通知》的补充通知.pdf,.pdf,1215487,zip:0b8290900ee41deed863adab647f7edcf9b718f7370d5da9be77975a8c251c04:1005048606,project_catalog_or_price,data_ingestion,no,raw_registered,
A000318,政策文件（本省）.zip,政策文件（本省）/飞检材料（医药服务管理处）/医疗服务价格、耗材/33批发文稿/青海省医疗保障局关于调整护理类等医疗服务价格项目的通知（青医保局发〔2025〕3号）.pdf,青海省医疗保障局关于调整护理类等医疗服务价格项目的通知（青医保局发〔2025〕3号）.pdf,.pdf,599713,zip:0b8290900ee41deed863adab647f7edcf9b718f7370d5da9be77975a8c251c04:4127737548,project_catalog_or_price,data_ingestion,no,raw_registered,
A000319,政策文件（本省）.zip,政策文件（本省）/飞检材料（医药服务管理处）/医疗服务价格、耗材/33批发文稿/青海省医疗保障局关于调整透析类医疗服务价格项目及医保支付类别的通知.pdf,青海省医疗保障局关于调整透析类医疗服务价格项目及医保支付类别的通知.pdf,.pdf,6358784,zip:0b8290900ee41deed863adab647f7edcf9b718f7370d5da9be77975a8c251c04:3586595571,project_catalog_or_price,data_ingestion,no,raw_registered,
A000320,政策文件（本省）.zip,政策文件（本省）/飞检材料（医药服务管理处）/医疗服务价格、耗材/2024年耗材目录/,2024年耗材目录,,0,0b8290900ee41deed863adab647f7edcf9b718f7370d5da9be77975a8c251c04,directory,asset_manifest,no,raw_registered,
A000321,政策文件（本省）.zip,政策文件（本省）/飞检材料（医药服务管理处）/医疗服务价格、耗材/2024年耗材目录/69号文.pdf,69号文.pdf,.pdf,572300,zip:0b8290900ee41deed863adab647f7edcf9b718f7370d5da9be77975a8c251c04:3593912393,project_catalog_or_price,data_ingestion,no,raw_registered,
A000322,政策文件（本省）.zip,政策文件（本省）/飞检材料（医药服务管理处）/医疗服务价格、耗材/2024年耗材目录/177号 耗材目录最终版本_1104（更新2024年8月）(1).xls耗材印刷.xls,177号 耗材目录最终版本_1104（更新2024年8月）(1).xls耗材印刷.xls,.xls,147456,zip:0b8290900ee41deed863adab647f7edcf9b718f7370d5da9be77975a8c251c04:3709863245,project_catalog_or_price,data_ingestion,no,raw_registered,
A000323,政策文件（本省）.zip,政策文件（本省）/飞检材料（医药服务管理处）/青医保局发〔2023〕83号（关于印发青海省医疗保障定点医药机构服务协议（2024版）的通知）/,青医保局发〔2023〕83号（关于印发青海省医疗保障定点医药机构服务协议（2024版）的通知）,,0,0b8290900ee41deed863adab647f7edcf9b718f7370d5da9be77975a8c251c04,directory,asset_manifest,no,raw_registered,
A000324,政策文件（本省）.zip,政策文件（本省）/飞检材料（医药服务管理处）/青医保局发〔2023〕83号（关于印发青海省医疗保障定点医药机构服务协议（2024版）的通知）/青医保局发〔2023〕83号（关于印发青海省医疗保障定点医药机构服务协议（2024版）的通知）.doc,青医保局发〔2023〕83号（关于印发青海省医疗保障定点医药机构服务协议（2024版）的通知）.doc,.doc,231424,zip:0b8290900ee41deed863adab647f7edcf9b718f7370d5da9be77975a8c251c04:659718740,needs_conversion,data_ingestion,yes,needs_convert,
A000325,政策文件（本省）.zip,政策文件（本省）/飞检材料（医药服务管理处）/青医保局发〔2023〕83号（关于印发青海省医疗保障定点医药机构服务协议（2024版）的通知）/青医保局发〔2023〕83号（关于印发青海省医疗保障定点医药机构服务协议（2024版）的通知）.pdf,青医保局发〔2023〕83号（关于印发青海省医疗保障定点医药机构服务协议（2024版）的通知）.pdf,.pdf,23235770,zip:0b8290900ee41deed863adab647f7edcf9b718f7370d5da9be77975a8c251c04:2512408581,policy_document,rag_knowledge_base,no,raw_registered,
A000326,国家医保智能监管两库_官方公开附件_第一至十八批_截至2026-07-10.zip,国家医保智能监管两库_官方公开附件_截至2026-07-10/README.md,README.md,.md,6942,zip:d8b36f140e5b3963d54ba0f35896a170cfdf2c53a058b26db6b092b179ee6316:2146726897,policy_document,rag_knowledge_base,no,raw_registered,
A000327,国家医保智能监管两库_官方公开附件_第一至十八批_截至2026-07-10.zip,国家医保智能监管两库_官方公开附件_截至2026-07-10/第一批-1_药品区分性别使用.xlsx,第一批-1_药品区分性别使用.xlsx,.xlsx,262825,zip:d8b36f140e5b3963d54ba0f35896a170cfdf2c53a058b26db6b092b179ee6316:2517051391,rule_source,rule_engine,no,raw_registered,
A000328,国家医保智能监管两库_官方公开附件_第一至十八批_截至2026-07-10.zip,国家医保智能监管两库_官方公开附件_截至2026-07-10/第一批-2_医疗服务项目区分性别使用.xlsx,第一批-2_医疗服务项目区分性别使用.xlsx,.xlsx,38732,zip:d8b36f140e5b3963d54ba0f35896a170cfdf2c53a058b26db6b092b179ee6316:1359825814,rule_source,rule_engine,no,raw_registered,
A000329,国家医保智能监管两库_官方公开附件_第一至十八批_截至2026-07-10.zip,国家医保智能监管两库_官方公开附件_截至2026-07-10/第一批-3_药品儿童专用.xlsx,第一批-3_药品儿童专用.xlsx,.xlsx,171305,zip:d8b36f140e5b3963d54ba0f35896a170cfdf2c53a058b26db6b092b179ee6316:3227740146,rule_source,rule_engine,no,raw_registered,
A000330,国家医保智能监管两库_官方公开附件_第一至十八批_截至2026-07-10.zip,国家医保智能监管两库_官方公开附件_截至2026-07-10/第一批-4_药品限儿童使用.xlsx,第一批-4_药品限儿童使用.xlsx,.xlsx,18949,zip:d8b36f140e5b3963d54ba0f35896a170cfdf2c53a058b26db6b092b179ee6316:3993240554,rule_source,rule_engine,no,raw_registered,
A000331,国家医保智能监管两库_官方公开附件_第一至十八批_截至2026-07-10.zip,国家医保智能监管两库_官方公开附件_截至2026-07-10/第一批-5_医疗服务项目儿童专用.xlsx,第一批-5_医疗服务项目儿童专用.xlsx,.xlsx,17209,zip:d8b36f140e5b3963d54ba0f35896a170cfdf2c53a058b26db6b092b179ee6316:2396428621,rule_source,rule_engine,no,raw_registered,
A000332,国家医保智能监管两库_官方公开附件_第一至十八批_截至2026-07-10.zip,国家医保智能监管两库_官方公开附件_截至2026-07-10/第七批_医疗服务项目重复收费.xlsx,第七批_医疗服务项目重复收费.xlsx,.xlsx,68260,zip:d8b36f140e5b3963d54ba0f35896a170cfdf2c53a058b26db6b092b179ee6316:2253588975,rule_source,rule_engine,no,raw_registered,
A000333,国家医保智能监管两库_官方公开附件_第一至十八批_截至2026-07-10.zip,国家医保智能监管两库_官方公开附件_截至2026-07-10/第三批-1_药品限工伤保险.xlsx,第三批-1_药品限工伤保险.xlsx,.xlsx,20559,zip:d8b36f140e5b3963d54ba0f35896a170cfdf2c53a058b26db6b092b179ee6316:3982796499,rule_source,rule_engine,no,raw_registered,
A000334,国家医保智能监管两库_官方公开附件_第一至十八批_截至2026-07-10.zip,国家医保智能监管两库_官方公开附件_截至2026-07-10/第三批-2_药品限生育保险.xlsx,第三批-2_药品限生育保险.xlsx,.xlsx,19660,zip:d8b36f140e5b3963d54ba0f35896a170cfdf2c53a058b26db6b092b179ee6316:1386131699,rule_source,rule_engine,no,raw_registered,
A000335,国家医保智能监管两库_官方公开附件_第一至十八批_截至2026-07-10.zip,国家医保智能监管两库_官方公开附件_截至2026-07-10/第九批_药品限二线使用.xlsx,第九批_药品限二线使用.xlsx,.xlsx,42455,zip:d8b36f140e5b3963d54ba0f35896a170cfdf2c53a058b26db6b092b179ee6316:3690413175,rule_source,rule_engine,no,raw_registered,
A000336,国家医保智能监管两库_官方公开附件_第一至十八批_截至2026-07-10.zip,国家医保智能监管两库_官方公开附件_截至2026-07-10/第二批_手术项目未按规定折价收费.pdf,第二批_手术项目未按规定折价收费.pdf,.pdf,210288,zip:d8b36f140e5b3963d54ba0f35896a170cfdf2c53a058b26db6b092b179ee6316:3188712738,policy_document,rag_knowledge_base,no,raw_registered,
A000337,国家医保智能监管两库_官方公开附件_第一至十八批_截至2026-07-10.zip,国家医保智能监管两库_官方公开附件_截至2026-07-10/第五批_药品限医疗机构级别.xlsx,第五批_药品限医疗机构级别.xlsx,.xlsx,49754,zip:d8b36f140e5b3963d54ba0f35896a170cfdf2c53a058b26db6b092b179ee6316:1053160009,rule_source,rule_engine,no,raw_registered,
A000338,国家医保智能监管两库_官方公开附件_第一至十八批_截至2026-07-10.zip,国家医保智能监管两库_官方公开附件_截至2026-07-10/第八批-1_医疗服务项目限定频次.xlsx,第八批-1_医疗服务项目限定频次.xlsx,.xlsx,20182,zip:d8b36f140e5b3963d54ba0f35896a170cfdf2c53a058b26db6b092b179ee6316:4009052028,rule_source,rule_engine,no,raw_registered,
A000339,国家医保智能监管两库_官方公开附件_第一至十八批_截至2026-07-10.zip,国家医保智能监管两库_官方公开附件_截至2026-07-10/第八批-2_医疗服务项目限年龄.xlsx,第八批-2_医疗服务项目限年龄.xlsx,.xlsx,16174,zip:d8b36f140e5b3963d54ba0f35896a170cfdf2c53a058b26db6b092b179ee6316:2978925561,rule_source,rule_engine,no,raw_registered,
A000340,国家医保智能监管两库_官方公开附件_第一至十八批_截至2026-07-10.zip,国家医保智能监管两库_官方公开附件_截至2026-07-10/第八批-3_医疗服务项目限支付疗程.xlsx,第八批-3_医疗服务项目限支付疗程.xlsx,.xlsx,17039,zip:d8b36f140e5b3963d54ba0f35896a170cfdf2c53a058b26db6b092b179ee6316:1175179257,rule_source,rule_engine,no,raw_registered,
A000341,国家医保智能监管两库_官方公开附件_第一至十八批_截至2026-07-10.zip,国家医保智能监管两库_官方公开附件_截至2026-07-10/第八批-4_医疗服务项目周期超频次.xlsx,第八批-4_医疗服务项目周期超频次.xlsx,.xlsx,17424,zip:d8b36f140e5b3963d54ba0f35896a170cfdf2c53a058b26db6b092b179ee6316:1691361533,rule_source,rule_engine,no,raw_registered,
A000342,国家医保智能监管两库_官方公开附件_第一至十八批_截至2026-07-10.zip,国家医保智能监管两库_官方公开附件_截至2026-07-10/第六批_药品限支付疗程.xlsx,第六批_药品限支付疗程.xlsx,.xlsx,53899,zip:d8b36f140e5b3963d54ba0f35896a170cfdf2c53a058b26db6b092b179ee6316:3241750523,rule_source,rule_engine,no,raw_registered,
A000343,国家医保智能监管两库_官方公开附件_第一至十八批_截至2026-07-10.zip,国家医保智能监管两库_官方公开附件_截至2026-07-10/第十一批-1_中药饮片单复方均不予支付.xlsx,第十一批-1_中药饮片单复方均不予支付.xlsx,.xlsx,17513,zip:d8b36f140e5b3963d54ba0f35896a170cfdf2c53a058b26db6b092b179ee6316:272631859,rule_source,rule_engine,no,raw_registered,
A000344,国家医保智能监管两库_官方公开附件_第一至十八批_截至2026-07-10.zip,国家医保智能监管两库_官方公开附件_截至2026-07-10/第十一批-2_中药饮片单方使用不予支付.xlsx,第十一批-2_中药饮片单方使用不予支付.xlsx,.xlsx,21925,zip:d8b36f140e5b3963d54ba0f35896a170cfdf2c53a058b26db6b092b179ee6316:294866113,rule_source,rule_engine,no,raw_registered,
A000345,国家医保智能监管两库_官方公开附件_第一至十八批_截至2026-07-10.zip,国家医保智能监管两库_官方公开附件_截至2026-07-10/第十七批_药品限适应症_抗肿瘤免疫及肌肉骨骼.xlsx,第十七批_药品限适应症_抗肿瘤免疫及肌肉骨骼.xlsx,.xlsx,68633,zip:d8b36f140e5b3963d54ba0f35896a170cfdf2c53a058b26db6b092b179ee6316:2630355413,rule_source,rule_engine,no,raw_registered,
A000346,国家医保智能监管两库_官方公开附件_第一至十八批_截至2026-07-10.zip,国家医保智能监管两库_官方公开附件_截至2026-07-10/第十三批_药品限适应症_血液和造血器官.xlsx,第十三批_药品限适应症_血液和造血器官.xlsx,.xlsx,55995,zip:d8b36f140e5b3963d54ba0f35896a170cfdf2c53a058b26db6b092b179ee6316:1831914885,rule_source,rule_engine,no,raw_registered,
A000347,国家医保智能监管两库_官方公开附件_第一至十八批_截至2026-07-10.zip,国家医保智能监管两库_官方公开附件_截至2026-07-10/第十二批_药品限适应症_消化道和代谢.xlsx,第十二批_药品限适应症_消化道和代谢.xlsx,.xlsx,35409,zip:d8b36f140e5b3963d54ba0f35896a170cfdf2c53a058b26db6b092b179ee6316:2570907188,rule_source,rule_engine,no,raw_registered,
A000348,国家医保智能监管两库_官方公开附件_第一至十八批_截至2026-07-10.zip,国家医保智能监管两库_官方公开附件_截至2026-07-10/第十五批_药品限适应症_皮肤泌尿生殖及激素.xlsx,第十五批_药品限适应症_皮肤泌尿生殖及激素.xlsx,.xlsx,28564,zip:d8b36f140e5b3963d54ba0f35896a170cfdf2c53a058b26db6b092b179ee6316:1118820158,rule_source,rule_engine,no,raw_registered,
A000349,国家医保智能监管两库_官方公开附件_第一至十八批_截至2026-07-10.zip,国家医保智能监管两库_官方公开附件_截至2026-07-10/第十八批_药品限适应症_神经系统.xlsx,第十八批_药品限适应症_神经系统.xlsx,.xlsx,31353,zip:d8b36f140e5b3963d54ba0f35896a170cfdf2c53a058b26db6b092b179ee6316:4031842963,rule_source,rule_engine,no,raw_registered,
A000350,国家医保智能监管两库_官方公开附件_第一至十八批_截至2026-07-10.zip,国家医保智能监管两库_官方公开附件_截至2026-07-10/第十六批_药品限适应症_全身用抗感染药物.xlsx,第十六批_药品限适应症_全身用抗感染药物.xlsx,.xlsx,40672,zip:d8b36f140e5b3963d54ba0f35896a170cfdf2c53a058b26db6b092b179ee6316:622844006,rule_source,rule_engine,no,raw_registered,
A000351,国家医保智能监管两库_官方公开附件_第一至十八批_截至2026-07-10.zip,国家医保智能监管两库_官方公开附件_截至2026-07-10/第十四批_药品限适应症_心血管系统.xlsx,第十四批_药品限适应症_心血管系统.xlsx,.xlsx,46967,zip:d8b36f140e5b3963d54ba0f35896a170cfdf2c53a058b26db6b092b179ee6316:3086074009,rule_source,rule_engine,no,raw_registered,
A000352,国家医保智能监管两库_官方公开附件_第一至十八批_截至2026-07-10.zip,国家医保智能监管两库_官方公开附件_截至2026-07-10/第十批_超互联网医院药品支付范围.xlsx,第十批_超互联网医院药品支付范围.xlsx,.xlsx,19889,zip:d8b36f140e5b3963d54ba0f35896a170cfdf2c53a058b26db6b092b179ee6316:346453869,rule_source,rule_engine,no,raw_registered,
A000353,国家医保智能监管两库_官方公开附件_第一至十八批_截至2026-07-10.zip,国家医保智能监管两库_官方公开附件_截至2026-07-10/第四批_药品限就医方式.xlsx,第四批_药品限就医方式.xlsx,.xlsx,40524,zip:d8b36f140e5b3963d54ba0f35896a170cfdf2c53a058b26db6b092b179ee6316:3902661337,rule_source,rule_engine,no,raw_registered,
